Workbook
Name Slicer_Charts: #N/A
Name week_5: Game!$A$59:$Z$71
Name week_6: Game!$A$73:$Z$85
Name week_7: Game!$A$87:$Z$99
Name Week1: Game!$A$2:$Z$15
Name week2: Game!$A$17:$Z$29
Name week3: Game!$A$31:$Z$43
Name week4: Game!$A$46:$Z$57

Sheet Game
A1: Pj | B1: Hobbies / Activities | P1: Quaities
B2: Wakeup @ 6am (3pts) | C2: Bootup (3pts) | D2: Research & Study (4pts/3pts pr hr) | E2: Gym (6pts) | F2: Work (1pt/hr) | G2: Overtime (1pt/hr) | H2: Cooking (2pts) | I2: Art (Depends) | J2: Chess (2/1/.5pts) | K2: Binge (1pt/hr) | L2: Resist (2pts) | M2: Help others (1pt/hr) | N2: Journal (2pts) | O2: Sleep by 11pm (3pts) | P2: Diet & Hydration (4pts) | Q2: Pace & Intensity (3pts) | R2: Cleanliness(2pts) & Heigine (1pt) | S2: Integrity (3pts) | T2: Bonus (depends) | U2: Penalties (depends) | V2: Vibe Check (5pts) | W2: Total | X2: Streak Bonus | Y2: Total (with Bonus) | Z2: Comments (title of the day)/(rant)(vent)/(How was ur day) | AA2: Gratitude | AB2: Cumulative Days | AD2: {=_xlfn.LET( _xlpm.clean,TRIM(LEFT(B2,FIND("(",B2&"(")-1)), _xlpm.tokens,_xlfn.TEXTSPLIT(_xlpm.clean," "), _xlpm.n,COUNTA(_xlpm.tokens), IF( _xlpm.n<=2, _xlpm.clean, _xlfn.TEXTJOIN( " ", , _xlfn.MAP( _xlpm.tokens, _xlfn.LAMBDA(_xlpm.t, IF( OR( _xlpm.t="&", SUM(--ISNUMBER(SEARCH({0,1,2,3,4,5,6,7,8,9},_xlpm.t)))>0 ), _xlpm.t, LEFT(_xlpm.t,1) ) ) ) ) ))} -> W @ 6am | AE2: {=_xlfn.LET( _xlpm.clean,TRIM(LEFT(C2,FIND("(",C2&"(")-1)), _xlpm.tokens,_xlfn.TEXTSPLIT(_xlpm.clean," "), _xlpm.n,COUNTA(_xlpm.tokens), IF( _xlpm.n<=2, _xlpm.clean, _xlfn.TEXTJOIN( " ", , _xlfn.MAP( _xlpm.tokens, _xlfn.LAMBDA(_xlpm.t, IF( OR( _xlpm.t="&", SUM(--ISNUMBER(SEARCH({0,1,2,3,4,5,6,7,8,9},_xlpm.t)))>0 ), _xlpm.t, LEFT(_xlpm.t,1) ) ) ) ) ))} -> Bootup | AF2: {=_xlfn.LET( _xlpm.clean,TRIM(LEFT(D2,FIND("(",D2&"(")-1)), _xlpm.tokens,_xlfn.TEXTSPLIT(_xlpm.clean," "), _xlpm.n,COUNTA(_xlpm.tokens), IF( _xlpm.n<=2, _xlpm.clean, _xlfn.TEXTJOIN( " ", , _xlfn.MAP( _xlpm.tokens, _xlfn.LAMBDA(_xlpm.t, IF( OR( _xlpm.t="&", SUM(--ISNUMBER(SEARCH({0,1,2,3,4,5,6,7,8,9},_xlpm.t)))>0 ), _xlpm.t, LEFT(_xlpm.t,1) ) ) ) ) ))} -> R & S | AG2: {=_xlfn.LET( _xlpm.clean,TRIM(LEFT(E2,FIND("(",E2&"(")-1)), _xlpm.tokens,_xlfn.TEXTSPLIT(_xlpm.clean," "), _xlpm.n,COUNTA(_xlpm.tokens), IF( _xlpm.n<=2, _xlpm.clean, _xlfn.TEXTJOIN( " ", , _xlfn.MAP( _xlpm.tokens, _xlfn.LAMBDA(_xlpm.t, IF( OR( _xlpm.t="&", SUM(--ISNUMBER(SEARCH({0,1,2,3,4,5,6,7,8,9},_xlpm.t)))>0 ), _xlpm.t, LEFT(_xlpm.t,1) ) ) ) ) ))} -> Gym | AH2: {=_xlfn.LET( _xlpm.clean,TRIM(LEFT(F2,FIND("(",F2&"(")-1)), _xlpm.tokens,_xlfn.TEXTSPLIT(_xlpm.clean," "), _xlpm.n,COUNTA(_xlpm.tokens), IF( _xlpm.n<=2, _xlpm.clean, _xlfn.TEXTJOIN( " ", , _xlfn.MAP( _xlpm.tokens, _xlfn.LAMBDA(_xlpm.t, IF( OR( _xlpm.t="&", SUM(--ISNUMBER(SEARCH({0,1,2,3,4,5,6,7,8,9},_xlpm.t)))>0 ), _xlpm.t, LEFT(_xlpm.t,1) ) ) ) ) ))} -> Work | AI2: {=_xlfn.LET( _xlpm.clean,TRIM(LEFT(G2,FIND("(",G2&"(")-1)), _xlpm.tokens,_xlfn.TEXTSPLIT(_xlpm.clean," "), _xlpm.n,COUNTA(_xlpm.tokens), IF( _xlpm.n<=2, _xlpm.clean, _xlfn.TEXTJOIN( " ", , _xlfn.MAP( _xlpm.tokens, _xlfn.LAMBDA(_xlpm.t, IF( OR( _xlpm.t="&", SUM(--ISNUMBER(SEARCH({0,1,2,3,4,5,6,7,8,9},_xlpm.t)))>0 ), _xlpm.t, LEFT(_xlpm.t,1) ) ) ) ) ))} -> Overtime | AJ2: {=_xlfn.LET( _xlpm.clean,TRIM(LEFT(H2,FIND("(",H2&"(")-1)), _xlpm.tokens,_xlfn.TEXTSPLIT(_xlpm.clean," "), _xlpm.n,COUNTA(_xlpm.tokens), IF( _xlpm.n<=2, _xlpm.clean, _xlfn.TEXTJOIN( " ", , _xlfn.MAP( _xlpm.tokens, _xlfn.LAMBDA(_xlpm.t, IF( OR( _xlpm.t="&", SUM(--ISNUMBER(SEARCH({0,1,2,3,4,5,6,7,8,9},_xlpm.t)))>0 ), _xlpm.t, LEFT(_xlpm.t,1) ) ) ) ) ))} -> Cooking | AK2: {=_xlfn.LET( _xlpm.clean,TRIM(LEFT(I2,FIND("(",I2&"(")-1)), _xlpm.tokens,_xlfn.TEXTSPLIT(_xlpm.clean," "), _xlpm.n,COUNTA(_xlpm.tokens), IF( _xlpm.n<=2, _xlpm.clean, _xlfn.TEXTJOIN( " ", , _xlfn.MAP( _xlpm.tokens, _xlfn.LAMBDA(_xlpm.t, IF( OR( _xlpm.t="&", SUM(--ISNUMBER(SEARCH({0,1,2,3,4,5,6,7,8,9},_xlpm.t)))>0 ), _xlpm.t, LEFT(_xlpm.t,1) ) ) ) ) ))} -> Art | ... AW2: {=_xlfn.LET( _xlpm.clean,TRIM(LEFT(U2,FIND("(",U2&"(")-1)), _xlpm.tokens,_xlfn.TEXTSPLIT(_xlpm.clean," "), _xlpm.n,COUNTA(_xlpm.tokens), IF( _xlpm.n<=2, _xlpm.clean, _xlfn.TEXTJOIN( " ", , _xlfn.MAP( _xlpm.tokens, _xlfn.LAMBDA(_xlpm.t, IF( OR( _xlpm.t="&", SUM(--ISNUMBER(SEARCH({0,1,2,3,4,5,6,7,8,9},_xlpm.t)))>0 ), _xlpm.t, LEFT(_xlpm.t,1) ) ) ) ) ))} -> Penalties | AY2: =AD2 -> W @ 6am | AZ2: =AE2 -> Bootup | BA2: =AF2 -> R & S | BB2: =AG2 -> Gym | BC2: =AH2 -> Work | BD2: =AI2 -> Overtime | BE2: =AJ2 -> Cooking | BF2: =AK2 -> Art | ... BR2: =AW2 -> Penalties | BS2: Total | BT2: Streak Bonus | BU2: Total with bonus
A3: Week 1 | B3: Enter your start date : | D3: 46027 | E3: =D3+6 -> 46033 | F3: Goal(s) by week 12: | H3: Set Only 1 or few goals. | AC3: W1 | BS3: 0 | BU3: 0
A4: Mon (e.g->) | B4: 2 | D4: 5 | E4: 9 | F4: 4 | I4: 3 | K4: 0.75 | L4: 2 | M4: 1 | N4: 2.5 | O4: 2 | R4: 1 | S4: 3 | U4: -1 | V4: 2 | W4: =SUM(B4:V4) -> 36.25 | X4: =SUM(AD4:AW4)*0.1 -> 0.12 | Y4: =W4+X4 -> 36.37 | Z4: e.g1: art of doing nothin (erase and write ur title of the day) | AB4: =W4 -> 36.25 | AC4: Mon | AD4: =IF(B4 > 0, IF(AD3 > 0, AD3 + 1, 0.1), 0) -> 0.1 | AE4: =IF(C4 > 0, IF(AE3 > 0, AE3 + 1, 0.1), 0) -> 0 | AF4: =IF(D4 > 0, IF(AF3 > 0, AF3 + 1, 0.1), 0) -> 0.1 | AG4: =IF(E4 > 0, IF(AG3 > 0, AG3 + 1, 0.1), 0) -> 0.1 | AH4: =IF(F4 > 0, IF(AH3 > 0, AH3 + 1, 0.1), 0) -> 0.1 | AI4: =IF(G4 > 0, IF(AI3 > 0, AI3 + 1, 0.1), 0) -> 0 | AJ4: =IF(H4 > 0, IF(AJ3 > 0, AJ3 + 1, 0.1), 0) -> 0 | AK4: =IF(I4 > 0, IF(AK3 > 0, AK3 + 1, 0.1), 0) -> 0.1 | ... AW4: =IF(U4 > 0, IF(AW3 > 0, AW3 + 1, 0.1), 0) -> 0 | AY4: =SUM($B$4:B4) -> 2 | AZ4: =SUM($B$4:C4) -> 2 | BA4: =SUM($B$4:D4) -> 7 | BB4: =SUM($B$4:E4) -> 16 | BC4: =SUM($B$4:F4) -> 20 | BD4: =SUM($B$4:G4) -> 20 | BE4: =SUM($B$4:H4) -> 20 | BF4: =SUM($B$4:I4) -> 23 | ... BJ4: =SUM($B$4:M4) -> 26.75 | BK4: =SUM($B$4:Q4) -> 31.25 | BL4: =SUM($B$4:N4) -> 29.25 | BM4: =SUM($B$4:O4) -> 31.25 | BN4: =SUM($B$4:P4) -> 31.25 | BO4: =SUM($B$4:R4) -> 32.25 | BP4: =SUM($B$4:S4) -> 35.25 | BQ4: =SUM($B$4:T4) -> 35.25 | BR4: =SUM($B$4:V4) -> 36.25 | BS4: =SUM($W$4:W4) -> 36.25 | BT4: =BR4+X4 -> 36.37 | BU4: =SUM($BT$4:BT4) -> 36.37
A5: Tue | W5: =SUM(B5:V5) -> 0 | X5: =SUM(AD5:AW5)*0.1 -> 0 | Y5: =W5+X5 -> 0 | AB5: =W5 -> 0 | AC5: Tue | AD5: =IF(B5 > 0, IF(AD4 > 0, AD4 + 1, 0.1), 0) -> 0 | AE5: =IF(C5 > 0, IF(AE4 > 0, AE4 + 1, 0.1), 0) -> 0 | AF5: =IF(D5 > 0, IF(AF4 > 0, AF4 + 1, 0.1), 0) -> 0 | AG5: =IF(E5 > 0, IF(AG4 > 0, AG4 + 1, 0.1), 0) -> 0 | AH5: =IF(F5 > 0, IF(AH4 > 0, AH4 + 1, 0.1), 0) -> 0 | AI5: =IF(G5 > 0, IF(AI4 > 0, AI4 + 1, 0.1), 0) -> 0 | AJ5: =IF(H5 > 0, IF(AJ4 > 0, AJ4 + 1, 0.1), 0) -> 0 | AK5: =IF(I5 > 0, IF(AK4 > 0, AK4 + 1, 0.1), 0) -> 0 | ... AW5: =IF(U5 > 0, IF(AW4 > 0, AW4 + 1, 0.1), 0) -> 0 | AY5: =SUM($B$5:B5) -> 0 | AZ5: =SUM($B$5:C5) -> 0 | BA5: =SUM($B$5:D5) -> 0 | BB5: =SUM($B$5:E5) -> 0 | BC5: =SUM($B$5:F5) -> 0 | BD5: =SUM($B$5:G5) -> 0 | BE5: =SUM($B$5:H5) -> 0 | BF5: =SUM($B$5:I5) -> 0 | ... BJ5: =SUM($B$5:M5) -> 0 | BK5: =SUM($B$5:Q5) -> 0 | BL5: =SUM($B$5:N5) -> 0 | BM5: =SUM($B$5:O5) -> 0 | BN5: =SUM($B$5:P5) -> 0 | BO5: =SUM($B$5:R5) -> 0 | BP5: =SUM($B$5:S5) -> 0 | BQ5: =SUM($B$5:T5) -> 0 | BR5: =SUM($B$5:V5) -> 0 | BS5: =SUM($W$4:W5) -> 36.25 | BT5: =BR5+X5 -> 0 | BU5: =SUM($BT$4:BT5) -> 36.37
A6: Wed | W6: =SUM(B6:U6) -> 0 | X6: =SUM(AD6:AW6)*0.1 -> 0 | Y6: =W6+X6 -> 0 | AB6: =W6 -> 0 | AC6: Wed | AD6: =IF(B6 > 0, IF(AD5 > 0, AD5 + 1, 0.1), 0) -> 0 | AE6: =IF(C6 > 0, IF(AE5 > 0, AE5 + 1, 0.1), 0) -> 0 | AF6: =IF(D6 > 0, IF(AF5 > 0, AF5 + 1, 0.1), 0) -> 0 | AG6: =IF(E6 > 0, IF(AG5 > 0, AG5 + 1, 0.1), 0) -> 0 | AH6: =IF(F6 > 0, IF(AH5 > 0, AH5 + 1, 0.1), 0) -> 0 | AI6: =IF(G6 > 0, IF(AI5 > 0, AI5 + 1, 0.1), 0) -> 0 | AJ6: =IF(H6 > 0, IF(AJ5 > 0, AJ5 + 1, 0.1), 0) -> 0 | AK6: =IF(I6 > 0, IF(AK5 > 0, AK5 + 1, 0.1), 0) -> 0 | ... AW6: =IF(U6 > 0, IF(AW5 > 0, AW5 + 1, 0.1), 0) -> 0 | AY6: =SUM($B$6:B6) -> 0 | AZ6: =SUM($B$6:C6) -> 0 | BA6: =SUM($B$6:D6) -> 0 | BB6: =SUM($B$6:E6) -> 0 | BC6: =SUM($B$6:F6) -> 0 | BD6: =SUM($B$6:G6) -> 0 | BE6: =SUM($B$6:H6) -> 0 | BF6: =SUM($B$6:I6) -> 0 | ... BJ6: =SUM($B$6:M6) -> 0 | BK6: =SUM($B$6:Q6) -> 0 | BL6: =SUM($B$6:N6) -> 0 | BM6: =SUM($B$6:O6) -> 0 | BN6: =SUM($B$6:P6) -> 0 | BO6: =SUM($B$6:R6) -> 0 | BP6: =SUM($B$6:S6) -> 0 | BQ6: =SUM($B$6:T6) -> 0 | BR6: =SUM($B$6:V6) -> 0 | BS6: =SUM($W$4:W6) -> 36.25 | BT6: =BR6+X6 -> 0 | BU6: =SUM($BT$4:BT6) -> 36.37
A7: Thu | W7: =SUM(B7:U7) -> 0 | X7: =SUM(AD7:AW7)*0.1 -> 0 | Y7: =W7+X7 -> 0 | AB7: =W7 -> 0 | AC7: Thu | AD7: =IF(B7 > 0, IF(AD6 > 0, AD6 + 1, 0.1), 0) -> 0 | AE7: =IF(C7 > 0, IF(AE6 > 0, AE6 + 1, 0.1), 0) -> 0 | AF7: =IF(D7 > 0, IF(AF6 > 0, AF6 + 1, 0.1), 0) -> 0 | AG7: =IF(E7 > 0, IF(AG6 > 0, AG6 + 1, 0.1), 0) -> 0 | AH7: =IF(F7 > 0, IF(AH6 > 0, AH6 + 1, 0.1), 0) -> 0 | AI7: =IF(G7 > 0, IF(AI6 > 0, AI6 + 1, 0.1), 0) -> 0 | AJ7: =IF(H7 > 0, IF(AJ6 > 0, AJ6 + 1, 0.1), 0) -> 0 | AK7: =IF(I7 > 0, IF(AK6 > 0, AK6 + 1, 0.1), 0) -> 0 | ... AW7: =IF(U7 > 0, IF(AW6 > 0, AW6 + 1, 0.1), 0) -> 0 | AY7: =SUM($B$7:B7) -> 0 | AZ7: =SUM($B$7:C7) -> 0 | BA7: =SUM($B$7:D7) -> 0 | BB7: =SUM($B$7:E7) -> 0 | BC7: =SUM($B$7:F7) -> 0 | BD7: =SUM($B$7:G7) -> 0 | BE7: =SUM($B$7:H7) -> 0 | BF7: =SUM($B$7:I7) -> 0 | ... BJ7: =SUM($B$7:M7) -> 0 | BK7: =SUM($B$7:Q7) -> 0 | BL7: =SUM($B$7:N7) -> 0 | BM7: =SUM($B$7:O7) -> 0 | BN7: =SUM($B$7:P7) -> 0 | BO7: =SUM($B$7:R7) -> 0 | BP7: =SUM($B$7:S7) -> 0 | BQ7: =SUM($B$7:T7) -> 0 | BR7: =SUM($B$7:V7) -> 0 | BS7: =SUM($W$4:W7) -> 36.25 | BT7: =BR7+X7 -> 0 | BU7: =SUM($BT$4:BT7) -> 36.37
A8: Fri | W8: =SUM(B8:U8) -> 0 | X8: =SUM(AD8:AW8)*0.1 -> 0 | Y8: =W8+X8 -> 0 | AB8: =W8 -> 0 | AC8: Fri | AD8: =IF(B8 > 0, IF(AD7 > 0, AD7 + 1, 0.1), 0) -> 0 | AE8: =IF(C8 > 0, IF(AE7 > 0, AE7 + 1, 0.1), 0) -> 0 | AF8: =IF(D8 > 0, IF(AF7 > 0, AF7 + 1, 0.1), 0) -> 0 | AG8: =IF(E8 > 0, IF(AG7 > 0, AG7 + 1, 0.1), 0) -> 0 | AH8: =IF(F8 > 0, IF(AH7 > 0, AH7 + 1, 0.1), 0) -> 0 | AI8: =IF(G8 > 0, IF(AI7 > 0, AI7 + 1, 0.1), 0) -> 0 | AJ8: =IF(H8 > 0, IF(AJ7 > 0, AJ7 + 1, 0.1), 0) -> 0 | AK8: =IF(I8 > 0, IF(AK7 > 0, AK7 + 1, 0.1), 0) -> 0 | ... AW8: =IF(U8 > 0, IF(AW7 > 0, AW7 + 1, 0.1), 0) -> 0 | AY8: =SUM($B$8:B8) -> 0 | AZ8: =SUM($B$8:C8) -> 0 | BA8: =SUM($B$8:D8) -> 0 | BB8: =SUM($B$8:E8) -> 0 | BC8: =SUM($B$8:F8) -> 0 | BD8: =SUM($B$8:G8) -> 0 | BE8: =SUM($B$8:H8) -> 0 | BF8: =SUM($B$8:I8) -> 0 | ... BJ8: =SUM($B$8:M8) -> 0 | BK8: =SUM($B$8:Q8) -> 0 | BL8: =SUM($B$8:N8) -> 0 | BM8: =SUM($B$8:O8) -> 0 | BN8: =SUM($B$8:P8) -> 0 | BO8: =SUM($B$8:R8) -> 0 | BP8: =SUM($B$8:S8) -> 0 | BQ8: =SUM($B$8:T8) -> 0 | BR8: =SUM($B$8:V8) -> 0 | BS8: =SUM($W$4:W8) -> 36.25 | BT8: =BR8+X8 -> 0 | BU8: =SUM($BT$4:BT8) -> 36.37
A9: Sat | W9: =SUM(B9:U9) -> 0 | X9: =SUM(AD9:AW9)*0.1 -> 0 | Y9: =W9+X9 -> 0 | AB9: =W9 -> 0 | AC9: Sat | AD9: =IF(B9 > 0, IF(AD8 > 0, AD8 + 1, 0.1), 0) -> 0 | AE9: =IF(C9 > 0, IF(AE8 > 0, AE8 + 1, 0.1), 0) -> 0 | AF9: =IF(D9 > 0, IF(AF8 > 0, AF8 + 1, 0.1), 0) -> 0 | AG9: =IF(E9 > 0, IF(AG8 > 0, AG8 + 1, 0.1), 0) -> 0 | AH9: =IF(F9 > 0, IF(AH8 > 0, AH8 + 1, 0.1), 0) -> 0 | AI9: =IF(G9 > 0, IF(AI8 > 0, AI8 + 1, 0.1), 0) -> 0 | AJ9: =IF(H9 > 0, IF(AJ8 > 0, AJ8 + 1, 0.1), 0) -> 0 | AK9: =IF(I9 > 0, IF(AK8 > 0, AK8 + 1, 0.1), 0) -> 0 | ... AW9: =IF(U9 > 0, IF(AW8 > 0, AW8 + 1, 0.1), 0) -> 0 | AY9: =SUM($B$9:B9) -> 0 | AZ9: =SUM($B$9:C9) -> 0 | BA9: =SUM($B$9:D9) -> 0 | BB9: =SUM($B$9:E9) -> 0 | BC9: =SUM($B$9:F9) -> 0 | BD9: =SUM($B$9:G9) -> 0 | BE9: =SUM($B$9:H9) -> 0 | BF9: =SUM($B$9:I9) -> 0 | ... BJ9: =SUM($B$9:M9) -> 0 | BK9: =SUM($B$9:Q9) -> 0 | BL9: =SUM($B$9:N9) -> 0 | BM9: =SUM($B$9:O9) -> 0 | BN9: =SUM($B$9:P9) -> 0 | BO9: =SUM($B$9:R9) -> 0 | BP9: =SUM($B$9:S9) -> 0 | BQ9: =SUM($B$9:T9) -> 0 | BR9: =SUM($B$9:V9) -> 0 | BS9: =SUM($W$4:W9) -> 36.25 | BT9: =BR9+X9 -> 0 | BU9: =SUM($BT$4:BT9) -> 36.37
A10: Sun | W10: =SUM(B10:U10) -> 0 | X10: =SUM(AD10:AW10)*0.1 -> 0 | Y10: =W10+X10 -> 0 | AA10: e.g 1 - thanks to omar for inviting me to dinner | AB10: =W10 -> 0 | AC10: Sun | AD10: =IF(B10 > 0, IF(AD9 > 0, AD9 + 1, 0.1), 0) -> 0 | AE10: =IF(C10 > 0, IF(AE9 > 0, AE9 + 1, 0.1), 0) -> 0 | AF10: =IF(D10 > 0, IF(AF9 > 0, AF9 + 1, 0.1), 0) -> 0 | AG10: =IF(E10 > 0, IF(AG9 > 0, AG9 + 1, 0.1), 0) -> 0 | AH10: =IF(F10 > 0, IF(AH9 > 0, AH9 + 1, 0.1), 0) -> 0 | AI10: =IF(G10 > 0, IF(AI9 > 0, AI9 + 1, 0.1), 0) -> 0 | AJ10: =IF(H10 > 0, IF(AJ9 > 0, AJ9 + 1, 0.1), 0) -> 0 | AK10: =IF(I10 > 0, IF(AK9 > 0, AK9 + 1, 0.1), 0) -> 0 | ... AW10: =IF(U10 > 0, IF(AW9 > 0, AW9 + 1, 0.1), 0) -> 0 | AY10: =SUM($B$10:B10) -> 0 | AZ10: =SUM($B$10:C10) -> 0 | BA10: =SUM($B$10:D10) -> 0 | BB10: =SUM($B$10:E10) -> 0 | BC10: =SUM($B$10:F10) -> 0 | BD10: =SUM($B$10:G10) -> 0 | BE10: =SUM($B$10:H10) -> 0 | BF10: =SUM($B$10:I10) -> 0 | ... BJ10: =SUM($B$10:M10) -> 0 | BK10: =SUM($B$10:Q10) -> 0 | BL10: =SUM($B$10:N10) -> 0 | BM10: =SUM($B$10:O10) -> 0 | BN10: =SUM($B$10:P10) -> 0 | BO10: =SUM($B$10:R10) -> 0 | BP10: =SUM($B$10:S10) -> 0 | BQ10: =SUM($B$10:T10) -> 0 | BR10: =SUM($B$10:V10) -> 0 | BS10: =SUM($W$4:W10) -> 36.25 | BT10: =BR10+X10 -> 0 | BU10: =SUM($BT$4:BT10) -> 36.37
A11: Total ind | B11: =SUM(B4:B10) -> 2 | C11: =SUM(C4:C10) -> 0 | D11: =SUM(D4:D10) -> 5 | E11: =SUM(E4:E10) -> 9 | F11: =SUM(F4:F10) -> 4 | G11: =SUM(G4:G10) -> 0 | H11: =SUM(H4:H10) -> 0 | I11: =SUM(I4:I10) -> 3 | ... W11: =SUM(W4:W10) -> 36.25 | Y11: =SUM(Y4:Y10) -> 36.37 | Z11: How's your week? : | AD11: =TEXT(COUNTIF(AD4:AD10, ">0") / 7, "0%") -> 14%
A12: ratio | B12: =B11 -> 2 | C12: =C11 -> 0 | D12: =D11 -> 5 | E12: =E11 -> 9 | F12: =F11 -> 4 | G12: =G11 -> 0 | H12: =H11 -> 0 | I12: =I11 -> 3 | ... W12: =W11 -> 36.25
A13: Streaks | B13: {=IF(COUNTIF(AD4:AD10,0)=0, LOOKUP(2,1/(AD4:AD10<>""),AD4:AD10), MATCH(0,INDEX(AD4:AD10,MAX(ROW(AD4:AD10))-ROW(AD4:AD10)+1),0)-1 )} -> 0 | C13: {=IF(COUNTIF(AE4:AE10,0)=0, LOOKUP(2,1/(AE4:AE10<>""),AE4:AE10), MATCH(0,INDEX(AE4:AE10,MAX(ROW(AE4:AE10))-ROW(AE4:AE10)+1),0)-1 )} -> 0 | D13: {=IF(COUNTIF(AF4:AF10,0)=0, LOOKUP(2,1/(AF4:AF10<>""),AF4:AF10), MATCH(0,INDEX(AF4:AF10,MAX(ROW(AF4:AF10))-ROW(AF4:AF10)+1),0)-1 )} -> 0 | E13: {=IF(COUNTIF(AG4:AG10,0)=0, LOOKUP(2,1/(AG4:AG10<>""),AG4:AG10), MATCH(0,INDEX(AG4:AG10,MAX(ROW(AG4:AG10))-ROW(AG4:AG10)+1),0)-1 )} -> 0 | F13: {=IF(COUNTIF(AH4:AH10,0)=0, LOOKUP(2,1/(AH4:AH10<>""),AH4:AH10), MATCH(0,INDEX(AH4:AH10,MAX(ROW(AH4:AH10))-ROW(AH4:AH10)+1),0)-1 )} -> 0 | G13: {=IF(COUNTIF(AI4:AI10,0)=0, LOOKUP(2,1/(AI4:AI10<>""),AI4:AI10), MATCH(0,INDEX(AI4:AI10,MAX(ROW(AI4:AI10))-ROW(AI4:AI10)+1),0)-1 )} -> 0 | H13: {=IF(COUNTIF(AJ4:AJ10,0)=0, LOOKUP(2,1/(AJ4:AJ10<>""),AJ4:AJ10), MATCH(0,INDEX(AJ4:AJ10,MAX(ROW(AJ4:AJ10))-ROW(AJ4:AJ10)+1),0)-1 )} -> 0 | I13: {=IF(COUNTIF(AK4:AK10,0)=0, LOOKUP(2,1/(AK4:AK10<>""),AK4:AK10), MATCH(0,INDEX(AK4:AK10,MAX(ROW(AK4:AK10))-ROW(AK4:AK10)+1),0)-1 )} -> 0 | ... U13: {=IF(COUNTIF(AW4:AW10,0)=0, LOOKUP(2,1/(AW4:AW10<>""),AW4:AW10), MATCH(0,INDEX(AW4:AW10,MAX(ROW(AW4:AW10))-ROW(AW4:AW10)+1),0)-1 )} -> 0 | V13: {=IF(COUNTIF(Y4:Y10,0)=0, LOOKUP(2,1/(Y4:Y10<>""),Y4:Y10), MATCH(0,INDEX(Y4:Y10,MAX(ROW(Y4:Y10))-ROW(Y4:Y10)+1),0)-1 )} -> 0
A14: Cumulative | B14: =B12 -> 2 | C14: =C12 -> 0 | D14: =D12 -> 5 | E14: =E12 -> 9 | F14: =F12 -> 4 | G14: =G12 -> 0 | H14: =H12 -> 0 | I14: =I12 -> 3 | ... V14: =V12 -> 2 | W14: =SUM(W11) -> 36.25
A15: Consistency | B15: =COUNTIF(B4:B10, ">0") / 7 -> 0.14285714 | C15: =COUNTIF(C4:C10, ">0") / 7 -> 0 | D15: =COUNTIF(D4:D10, ">0") / 7 -> 0.14285714 | E15: =COUNTIF(E4:E10, ">0") / 7 -> 0.14285714 | F15: =COUNTIF(F4:F10, ">0") / 7 -> 0.14285714 | G15: =COUNTIF(G4:G10, ">0") / 7 -> 0 | H15: =COUNTIF(H4:H10, ">0") / 7 -> 0 | I15: =COUNTIF(I4:I10, ">0") / 7 -> 0.14285714 | ... O15: =COUNTIF(O4:O10, ">0") / 7 -> 0.14285714 | U15: negpos | V15: =SUMIF(B11:V11,"<0",B11:V11) -> -1 | W15: =SUM(C12:S12,V12) -> 35.25 | AY15: w2
AC16: W2 | AY16: @ 6am | AZ16: Bootup | BA16: Study | BB16: Gym | BC16: Work | BD16: Overtime | BE16: Cooking | BF16: D &H | BG16: Art | BH16: Chess | BI16: P & I | BJ16: Cleanliness | BK16: Hygeine | BL16: Resist | BM16: Binge | BN16: Help | BO16: Journal | BP16: Vibe | BQ16: by 11pm | BR16: Bonus/penalties | BS16: Total
A17: week2 | B17: =E3+1 -> 46034 | C17: =B17+6 -> 46040 | I17: Compete | J17: With | K17: Yourself | AC17: . | BS17: 0 | BT17: =BR17+X17 -> 0 | BU17: 0
A18: Mon | W18: =SUM(B18:V18) -> 0 | X18: =SUM(AD18:AW18)*0.1 -> 0 | Y18: =W18+X18 -> 0 | AB18: =W18+AB4 -> 36.25 | AC18: Mon | AD18: =IF(B18 > 0, IF(AD10> 0, AD10 + 1, 0.1), 0) -> 0 | AE18: =IF(C18 > 0, IF(AE10> 0, AE10 + 1, 0.1), 0) -> 0 | AF18: =IF(D18 > 0, IF(AF10> 0, AF10 + 1, 0.1), 0) -> 0 | AG18: =IF(E18 > 0, IF(AG10> 0, AG10 + 1, 0.1), 0) -> 0 | AH18: =IF(F18 > 0, IF(AH10> 0, AH10 + 1, 0.1), 0) -> 0 | AI18: =IF(G18 > 0, IF(AI10> 0, AI10 + 1, 0.1), 0) -> 0 | AJ18: =IF(H18 > 0, IF(AJ10> 0, AJ10 + 1, 0.1), 0) -> 0 | AK18: =IF(I18 > 0, IF(AK10> 0, AK10 + 1, 0.1), 0) -> 0 | ... AW18: =IF(U18 > 0, IF(AW10> 0, AW10 + 1, 0.1), 0) -> 0 | AY18: =SUM($B$18:B18) -> 0 | AZ18: =SUM($B$18:C18) -> 0 | BA18: =SUM($B$18:D18) -> 0 | BB18: =SUM($B$18:E18) -> 0 | BC18: =SUM($B$18:F18) -> 0 | BD18: =SUM($B$18:G18) -> 0 | BE18: =SUM($B$18:H18) -> 0 | BF18: =SUM($B$18:I18) -> 0 | ... BJ18: =SUM($B$18:M18) -> 0 | BK18: =SUM($B$18:Q18) -> 0 | BL18: =SUM($B$18:N18) -> 0 | BM18: =SUM($B$18:O18) -> 0 | BN18: =SUM($B$18:P18) -> 0 | BO18: =SUM($B$18:R18) -> 0 | BP18: =SUM($B$18:S18) -> 0 | BQ18: =SUM($B$18:T18) -> 0 | BR18: =SUM($B$18:V18) -> 0 | BS18: =SUM($BR$18:BR18) -> 0 | BT18: =BR18+X18 -> 0 | BU18: =SUM($BT$18:BT18) -> 0
A19: Tue | W19: =SUM(B19:U19) -> 0 | X19: =SUM(AD19:AW19)*0.1 -> 0 | Y19: =W19+X19 -> 0 | AB19: =AB5+W19 -> 0 | AC19: Tue | AD19: =IF(B19 > 0, IF(AD18 > 0, AD18 + 1, 0.1), 0) -> 0 | AE19: =IF(C19 > 0, IF(AE18 > 0, AE18 + 1, 0.1), 0) -> 0 | AF19: =IF(D19 > 0, IF(AF18 > 0, AF18 + 1, 0.1), 0) -> 0 | AG19: =IF(E19 > 0, IF(AG18 > 0, AG18 + 1, 0.1), 0) -> 0 | AH19: =IF(F19 > 0, IF(AH18 > 0, AH18 + 1, 0.1), 0) -> 0 | AI19: =IF(G19 > 0, IF(AI18 > 0, AI18 + 1, 0.1), 0) -> 0 | AJ19: =IF(H19 > 0, IF(AJ18 > 0, AJ18 + 1, 0.1), 0) -> 0 | AK19: =IF(I19 > 0, IF(AK18 > 0, AK18 + 1, 0.1), 0) -> 0 | ... AT19: =IF(R19 > 0, IF(AT18 > 0, AT18 + 1, 0.1), 0) -> 0 | AU19: =IF(S19 > 0, IF(AU11> 0, AU11 + 1, 0.1), 0) -> 0 | AV19: =IF(T19 > 0, IF(AV18 > 0, AV18 + 1, 0.1), 0) -> 0 | AW19: =IF(U19 > 0, IF(AW18 > 0, AW18 + 1, 0.1), 0) -> 0 | AY19: =SUM($B$19:B19) -> 0 | AZ19: =SUM($B$19:C19) -> 0 | BA19: =SUM($B$19:D19) -> 0 | BB19: =SUM($B$19:E19) -> 0 | BC19: =SUM($B$19:F19) -> 0 | BD19: =SUM($B$19:G19) -> 0 | BE19: =SUM($B$19:H19) -> 0 | BF19: =SUM($B$19:I19) -> 0 | ... BJ19: =SUM($B$19:M19) -> 0 | BK19: =SUM($B$19:Q19) -> 0 | BL19: =SUM($B$19:N19) -> 0 | BM19: =SUM($B$19:O19) -> 0 | BN19: =SUM($B$19:P19) -> 0 | BO19: =SUM($B$19:R19) -> 0 | BP19: =SUM($B$19:S19) -> 0 | BQ19: =SUM($B$19:T19) -> 0 | BR19: =SUM($B$19:V19) -> 0 | BS19: =SUM($BR$18:BR19) -> 0 | BT19: =BR19+X19 -> 0 | BU19: =SUM($BT$18:BT19) -> 0
A20: Wed | W20: =SUM(B20:U20) -> 0 | X20: =SUM(AD20:AW20)*0.1 -> 0 | Y20: =W20+X20 -> 0 | AB20: =AB6+W20 -> 0 | AC20: Wed | AD20: =IF(B20 > 0, IF(AD19 > 0, AD19 + 1, 0.1), 0) -> 0 | AE20: =IF(C20 > 0, IF(AE19 > 0, AE19 + 1, 0.1), 0) -> 0 | AF20: =IF(D20 > 0, IF(AF19 > 0, AF19 + 1, 0.1), 0) -> 0 | AG20: =IF(E20 > 0, IF(AG19 > 0, AG19 + 1, 0.1), 0) -> 0 | AH20: =IF(F20 > 0, IF(AH19 > 0, AH19 + 1, 0.1), 0) -> 0 | AI20: =IF(G20 > 0, IF(AI19 > 0, AI19 + 1, 0.1), 0) -> 0 | AJ20: =IF(H20 > 0, IF(AJ19 > 0, AJ19 + 1, 0.1), 0) -> 0 | AK20: =IF(I20 > 0, IF(AK19 > 0, AK19 + 1, 0.1), 0) -> 0 | ... AT20: =IF(R20 > 0, IF(AT19 > 0, AT19 + 1, 0.1), 0) -> 0 | AU20: =IF(S20 > 0, IF(AU12> 0, AU12 + 1, 0.1), 0) -> 0 | AV20: =IF(T20 > 0, IF(AV19 > 0, AV19 + 1, 0.1), 0) -> 0 | AW20: =IF(U20 > 0, IF(AW19 > 0, AW19 + 1, 0.1), 0) -> 0 | AY20: =SUM($B$20:B20) -> 0 | AZ20: =SUM($B$20:C20) -> 0 | BA20: =SUM($B$20:D20) -> 0 | BB20: =SUM($B$20:E20) -> 0 | BC20: =SUM($B$20:F20) -> 0 | BD20: =SUM($B$20:G20) -> 0 | BE20: =SUM($B$20:H20) -> 0 | BF20: =SUM($B$20:I20) -> 0 | ... BJ20: =SUM($B$20:M20) -> 0 | BK20: =SUM($B$20:Q20) -> 0 | BL20: =SUM($B$20:N20) -> 0 | BM20: =SUM($B$20:O20) -> 0 | BN20: =SUM($B$20:P20) -> 0 | BO20: =SUM($B$20:R20) -> 0 | BP20: =SUM($B$20:S20) -> 0 | BQ20: =SUM($B$20:T20) -> 0 | BR20: =SUM($B$20:V20) -> 0 | BS20: =SUM($BR$18:BR20) -> 0 | BT20: =BR20+X20 -> 0 | BU20: =SUM($BT$18:BT20) -> 0
A21: Thu | W21: =SUM(B21:U21) -> 0 | X21: =SUM(AD21:AW21)*0.1 -> 0 | Y21: =W21+X21 -> 0 | AB21: =AB7+W21 -> 0 | AC21: Thu | AD21: =IF(B21 > 0, IF(AD20 > 0, AD20 + 1, 0.1), 0) -> 0 | AE21: =IF(C21 > 0, IF(AE20 > 0, AE20 + 1, 0.1), 0) -> 0 | AF21: =IF(D21 > 0, IF(AF20 > 0, AF20 + 1, 0.1), 0) -> 0 | AG21: =IF(E21 > 0, IF(AG20 > 0, AG20 + 1, 0.1), 0) -> 0 | AH21: =IF(F21 > 0, IF(AH20 > 0, AH20 + 1, 0.1), 0) -> 0 | AI21: =IF(G21 > 0, IF(AI20 > 0, AI20 + 1, 0.1), 0) -> 0 | AJ21: =IF(H21 > 0, IF(AJ20 > 0, AJ20 + 1, 0.1), 0) -> 0 | AK21: =IF(I21 > 0, IF(AK20 > 0, AK20 + 1, 0.1), 0) -> 0 | ... AT21: =IF(R21 > 0, IF(AT20 > 0, AT20 + 1, 0.1), 0) -> 0 | AU21: =IF(S21 > 0, IF(AU13> 0, AU13 + 1, 0.1), 0) -> 0 | AV21: =IF(T21 > 0, IF(AV20 > 0, AV20 + 1, 0.1), 0) -> 0 | AW21: =IF(U21 > 0, IF(AW20 > 0, AW20 + 1, 0.1), 0) -> 0 | AY21: =SUM($B$21:B21) -> 0 | AZ21: =SUM($B$21:C21) -> 0 | BA21: =SUM($B$21:D21) -> 0 | BB21: =SUM($B$21:E21) -> 0 | BC21: =SUM($B$21:F21) -> 0 | BD21: =SUM($B$21:G21) -> 0 | BE21: =SUM($B$21:H21) -> 0 | BF21: =SUM($B$21:I21) -> 0 | ... BJ21: =SUM($B$21:M21) -> 0 | BK21: =SUM($B$21:Q21) -> 0 | BL21: =SUM($B$21:N21) -> 0 | BM21: =SUM($B$21:O21) -> 0 | BN21: =SUM($B$21:P21) -> 0 | BO21: =SUM($B$21:R21) -> 0 | BP21: =SUM($B$21:S21) -> 0 | BQ21: =SUM($B$21:T21) -> 0 | BR21: =SUM($B$21:V21) -> 0 | BS21: =SUM($BR$18:BR21) -> 0 | BT21: =BR21+X21 -> 0 | BU21: =SUM($BT$18:BT21) -> 0
A22: Fri | W22: =SUM(B22:U22) -> 0 | X22: =SUM(AD22:AW22)*0.1 -> 0 | Y22: =W22+X22 -> 0 | AB22: =W22+AB8 -> 0 | AC22: Fri | AD22: =IF(B22 > 0, IF(AD21 > 0, AD21 + 1, 0.1), 0) -> 0 | AE22: =IF(C22 > 0, IF(AE21 > 0, AE21 + 1, 0.1), 0) -> 0 | AF22: =IF(D22 > 0, IF(AF21 > 0, AF21 + 1, 0.1), 0) -> 0 | AG22: =IF(E22 > 0, IF(AG21 > 0, AG21 + 1, 0.1), 0) -> 0 | AH22: =IF(F22 > 0, IF(AH21 > 0, AH21 + 1, 0.1), 0) -> 0 | AI22: =IF(G22 > 0, IF(AI21 > 0, AI21 + 1, 0.1), 0) -> 0 | AJ22: =IF(H22 > 0, IF(AJ21 > 0, AJ21 + 1, 0.1), 0) -> 0 | AK22: =IF(I22 > 0, IF(AK21 > 0, AK21 + 1, 0.1), 0) -> 0 | ... AT22: =IF(R22 > 0, IF(AT21 > 0, AT21 + 1, 0.1), 0) -> 0 | AU22: =IF(S22 > 0, IF(AU14> 0, AU14 + 1, 0.1), 0) -> 0 | AV22: =IF(T22 > 0, IF(AV21 > 0, AV21 + 1, 0.1), 0) -> 0 | AW22: =IF(U22 > 0, IF(AW21 > 0, AW21 + 1, 0.1), 0) -> 0 | AY22: =SUM($B$22:B22) -> 0 | AZ22: =SUM($B$22:C22) -> 0 | BA22: =SUM($B$22:D22) -> 0 | BB22: =SUM($B$22:E22) -> 0 | BC22: =SUM($B$22:F22) -> 0 | BD22: =SUM($B$22:G22) -> 0 | BE22: =SUM($B$22:H22) -> 0 | BF22: =SUM($B$22:I22) -> 0 | ... BJ22: =SUM($B$22:M22) -> 0 | BK22: =SUM($B$22:Q22) -> 0 | BL22: =SUM($B$22:N22) -> 0 | BM22: =SUM($B$22:O22) -> 0 | BN22: =SUM($B$22:P22) -> 0 | BO22: =SUM($B$22:R22) -> 0 | BP22: =SUM($B$22:S22) -> 0 | BQ22: =SUM($B$22:T22) -> 0 | BR22: =SUM($B$22:V22) -> 0 | BS22: =SUM($BR$18:BR22) -> 0 | BT22: =BR22+X22 -> 0 | BU22: =SUM($BT$18:BT22) -> 0
A23: Sat | W23: =SUM(B23:U23) -> 0 | X23: =SUM(AD23:AW23)*0.1 -> 0 | Y23: =W23+X23 -> 0 | AB23: =AB9+W23 -> 0 | AC23: Sat | AD23: =IF(B23 > 0, IF(AD22 > 0, AD22 + 1, 0.1), 0) -> 0 | AE23: =IF(C23 > 0, IF(AE22 > 0, AE22 + 1, 0.1), 0) -> 0 | AF23: =IF(D23 > 0, IF(AF22 > 0, AF22 + 1, 0.1), 0) -> 0 | AG23: =IF(E23 > 0, IF(AG22 > 0, AG22 + 1, 0.1), 0) -> 0 | AH23: =IF(F23 > 0, IF(AH22 > 0, AH22 + 1, 0.1), 0) -> 0 | AI23: =IF(G23 > 0, IF(AI22 > 0, AI22 + 1, 0.1), 0) -> 0 | AJ23: =IF(H23 > 0, IF(AJ22 > 0, AJ22 + 1, 0.1), 0) -> 0 | AK23: =IF(I23 > 0, IF(AK22 > 0, AK22 + 1, 0.1), 0) -> 0 | ... AT23: =IF(R23 > 0, IF(AT22 > 0, AT22 + 1, 0.1), 0) -> 0 | AU23: =IF(S23 > 0, IF(AU15> 0, AU15 + 1, 0.1), 0) -> 0 | AV23: =IF(T23 > 0, IF(AV22 > 0, AV22 + 1, 0.1), 0) -> 0 | AW23: =IF(U23 > 0, IF(AW22 > 0, AW22 + 1, 0.1), 0) -> 0 | AY23: =SUM($B$23:B23) -> 0 | AZ23: =SUM($B$23:C23) -> 0 | BA23: =SUM($B$23:D23) -> 0 | BB23: =SUM($B$23:E23) -> 0 | BC23: =SUM($B$23:F23) -> 0 | BD23: =SUM($B$23:G23) -> 0 | BE23: =SUM($B$23:H23) -> 0 | BF23: =SUM($B$23:I23) -> 0 | ... BJ23: =SUM($B$23:M23) -> 0 | BK23: =SUM($B$23:Q23) -> 0 | BL23: =SUM($B$23:N23) -> 0 | BM23: =SUM($B$23:O23) -> 0 | BN23: =SUM($B$23:P23) -> 0 | BO23: =SUM($B$23:R23) -> 0 | BP23: =SUM($B$23:S23) -> 0 | BQ23: =SUM($B$23:T23) -> 0 | BR23: =SUM($B$23:V23) -> 0 | BS23: =SUM($BR$18:BR23) -> 0 | BT23: =BR23+X23 -> 0 | BU23: =SUM($BT$18:BT23) -> 0
A24: Sun | W24: =SUM(B24:U24) -> 0 | X24: =SUM(AD24:AW24)*0.1 -> 0 | Y24: =W24+X24 -> 0 | AB24: =AB10+W24 -> 0 | AC24: Sun | AD24: =IF(B24 > 0, IF(AD23 > 0, AD23 + 1, 0.1), 0) -> 0 | AE24: =IF(C24 > 0, IF(AE23 > 0, AE23 + 1, 0.1), 0) -> 0 | AF24: =IF(D24 > 0, IF(AF23 > 0, AF23 + 1, 0.1), 0) -> 0 | AG24: =IF(E24 > 0, IF(AG23 > 0, AG23 + 1, 0.1), 0) -> 0 | AH24: =IF(F24 > 0, IF(AH23 > 0, AH23 + 1, 0.1), 0) -> 0 | AI24: =IF(G24 > 0, IF(AI23 > 0, AI23 + 1, 0.1), 0) -> 0 | AJ24: =IF(H24 > 0, IF(AJ23 > 0, AJ23 + 1, 0.1), 0) -> 0 | AK24: =IF(I24 > 0, IF(AK23 > 0, AK23 + 1, 0.1), 0) -> 0 | ... AT24: =IF(R24 > 0, IF(AT23 > 0, AT23 + 1, 0.1), 0) -> 0 | AU24: =IF(S24 > 0, IF(AU16> 0, AU16 + 1, 0.1), 0) -> 0 | AV24: =IF(T24 > 0, IF(AV23 > 0, AV23 + 1, 0.1), 0) -> 0 | AW24: =IF(U24 > 0, IF(AW23 > 0, AW23 + 1, 0.1), 0) -> 0 | AY24: =SUM($B$24:B24) -> 0 | AZ24: =SUM($B$24:C24) -> 0 | BA24: =SUM($B$24:D24) -> 0 | BB24: =SUM($B$24:E24) -> 0 | BC24: =SUM($B$24:F24) -> 0 | BD24: =SUM($B$24:G24) -> 0 | BE24: =SUM($B$24:H24) -> 0 | BF24: =SUM($B$24:I24) -> 0 | ... BJ24: =SUM($B$24:M24) -> 0 | BK24: =SUM($B$24:Q24) -> 0 | BL24: =SUM($B$24:N24) -> 0 | BM24: =SUM($B$24:O24) -> 0 | BN24: =SUM($B$24:P24) -> 0 | BO24: =SUM($B$24:R24) -> 0 | BP24: =SUM($B$24:S24) -> 0 | BQ24: =SUM($B$24:T24) -> 0 | BR24: =SUM($B$24:V24) -> 0 | BS24: =SUM($BR$18:BR24) -> 0 | BT24: =BR24+X24 -> 0 | BU24: =SUM($BT$18:BT24) -> 0
A25: Total ind | B25: =SUM(B18:B24) -> 0 | C25: =SUM(C18:C24) -> 0 | D25: =SUM(D18:D24) -> 0 | E25: =SUM(E18:E24) -> 0 | F25: =SUM(F18:F24) -> 0 | G25: =SUM(G18:G24) -> 0 | H25: =SUM(H18:H24) -> 0 | I25: =SUM(I18:I24) -> 0 | ... W25: =SUM(W18:W24) -> 0 | Z25: How's your week?: | AD25: =MAX(AD18:AD24) -> 0 | AE25: =MAX(AE18:AE24) -> 0 | AF25: =MAX(AF18:AF24) -> 0 | AG25: =MAX(AG18:AG24) -> 0 | AH25: =MAX(AH18:AH24) -> 0 | AI25: =MAX(AI18:AI24) -> 0 | AJ25: =MAX(AJ18:AJ24) -> 0 | AK25: =MAX(AK18:AK24) -> 0 | ... AW25: =MAX(AW18:AW24) -> 0
A26: Ratio | B26: =B25-B11 -> -2 | C26: =C25-C11 -> 0 | D26: =D25-D11 -> -5 | E26: =E25-E11 -> -9 | F26: =F25-F11 -> -4 | G26: =G25-G11 -> 0 | H26: =H25-H11 -> 0 | I26: =I25-I11 -> -3 | ... W26: =W25-W11 -> -36.25
A27: Streaks | B27: {=IF(COUNTIF(AD18:AD24,0)=0, LOOKUP(2,1/(AD18:AD24<>""),AD18:AD24), MATCH(0,INDEX(AD18:AD24,MAX(ROW(AD18:AD24))-ROW(AD18:AD24)+1),0)-1 )} -> 0 | C27: {=IF(COUNTIF(AE18:AE24,0)=0, LOOKUP(2,1/(AE18:AE24<>""),AE18:AE24), MATCH(0,INDEX(AE18:AE24,MAX(ROW(AE18:AE24))-ROW(AE18:AE24)+1),0)-1 )} -> 0 | D27: {=IF(COUNTIF(AF18:AF24,0)=0, LOOKUP(2,1/(AF18:AF24<>""),AF18:AF24), MATCH(0,INDEX(AF18:AF24,MAX(ROW(AF18:AF24))-ROW(AF18:AF24)+1),0)-1 )} -> 0 | E27: {=IF(COUNTIF(AG18:AG24,0)=0, LOOKUP(2,1/(AG18:AG24<>""),AG18:AG24), MATCH(0,INDEX(AG18:AG24,MAX(ROW(AG18:AG24))-ROW(AG18:AG24)+1),0)-1 )} -> 0 | F27: {=IF(COUNTIF(AH18:AH24,0)=0, LOOKUP(2,1/(AH18:AH24<>""),AH18:AH24), MATCH(0,INDEX(AH18:AH24,MAX(ROW(AH18:AH24))-ROW(AH18:AH24)+1),0)-1 )} -> 0 | G27: {=IF(COUNTIF(AI18:AI24,0)=0, LOOKUP(2,1/(AI18:AI24<>""),AI18:AI24), MATCH(0,INDEX(AI18:AI24,MAX(ROW(AI18:AI24))-ROW(AI18:AI24)+1),0)-1 )} -> 0 | H27: {=IF(COUNTIF(AJ18:AJ24,0)=0, LOOKUP(2,1/(AJ18:AJ24<>""),AJ18:AJ24), MATCH(0,INDEX(AJ18:AJ24,MAX(ROW(AJ18:AJ24))-ROW(AJ18:AJ24)+1),0)-1 )} -> 0 | I27: {=IF(COUNTIF(AK18:AK24,0)=0, LOOKUP(2,1/(AK18:AK24<>""),AK18:AK24), MATCH(0,INDEX(AK18:AK24,MAX(ROW(AK18:AK24))-ROW(AK18:AK24)+1),0)-1 )} -> 0 | ... U27: {=IF(COUNTIF(AW18:AW24,0)=0, LOOKUP(2,1/(AW18:AW24<>""),AW18:AW24), MATCH(0,INDEX(AW18:AW24,MAX(ROW(AW18:AW24))-ROW(AW18:AW24)+1),0)-1 )} -> 0 | V27: {=IF(COUNTIF(Y18:Y24,0)=0, LOOKUP(2,1/(Y18:Y24<>""),Y18:Y24), MATCH(0,INDEX(Y18:Y24,MAX(ROW(Y18:Y24))-ROW(Y18:Y24)+1),0)-1 )} -> 0
A28: Cumulative | B28: =B25+B14 -> 2 | C28: =C25+C14 -> 0 | D28: =D25+D14 -> 5 | E28: =E25+E14 -> 9 | F28: =F25+F14 -> 4 | G28: =G25+G14 -> 0 | H28: =H25+H14 -> 0 | I28: =I25+I14 -> 3 | ... V28: =V25+V14 -> 2 | W28: =SUM(W14,W25) -> 36.25 | Y28: =SUM(Y18:Y24) -> 0
A29: Consistency | B29: =(COUNTIF(B4:B10, ">0") + COUNTIF(B18:B24, ">0")) / 14 -> 0.071428571 | C29: =(COUNTIF(C4:C10, ">0") + COUNTIF(C18:C24, ">0")) / 14 -> 0 | D29: =(COUNTIF(D4:D10, ">0") + COUNTIF(D18:D24, ">0")) / 14 -> 0.071428571 | E29: =(COUNTIF(E4:E10, ">0") + COUNTIF(E18:E24, ">0")) / 14 -> 0.071428571 | F29: =(COUNTIF(F4:F10, ">0") + COUNTIF(F18:F24, ">0")) / 14 -> 0.071428571 | G29: =(COUNTIF(G4:G10, ">0") + COUNTIF(G18:G24, ">0")) / 14 -> 0 | H29: =(COUNTIF(H4:H10, ">0") + COUNTIF(H18:H24, ">0")) / 14 -> 0 | I29: =(COUNTIF(I4:I10, ">0") + COUNTIF(I18:I24, ">0")) / 14 -> 0.071428571 | ... O29: =(COUNTIF(O4:O10, ">0") + COUNTIF(O18:O24, ">0")) / 14 -> 0.071428571 | U29: Negpos | V29: =SUMIF(B25:V25,"<0",B25:V25) -> 0 | W29: =SUMIF(B25:V25,">0",B25:V25) -> 0
AY30: w3
A31: week3 | B31: =C17+1 -> 46041 | C31: =B31+6 -> 46047 | G31: its | H31: an | I31: observation | J31: before | K31: competion. | AC31: W3 | AY31: @ 6am | AZ31: Bootup | BA31: Study | BB31: Gym | BC31: Work | BD31: Overtime | BE31: Cooking | BF31: D &H | BG31: Art | BH31: Chess | BI31: P & I | BJ31: Cleanliness | BK31: Hygeine | BL31: Resist | BM31: Binge | BN31: Help | BO31: Journal | BP31: Vibe | BQ31: by 11pm | BR31: Bonus/penalties | BS31: 0 | BU31: 0
A32: Mon | W32: =SUM(B32:V32) -> 0 | X32: =SUM(AD32:AW32)*0.1 -> 0 | Y32: =W32+X32 -> 0 | AB32: =W32+AB18 -> 36.25 | AC32: Mon | AD32: =IF(B32 > 0, IF(AD24> 0, AD24 + 1, 0.1), 0) -> 0 | AE32: =IF(C32 > 0, IF(AE24> 0, AE24 + 1, 0.1), 0) -> 0 | AF32: =IF(D32 > 0, IF(AF24> 0, AF24 + 1, 0.1), 0) -> 0 | AG32: =IF(E32 > 0, IF(AG24> 0, AG24 + 1, 0.1), 0) -> 0 | AH32: =IF(F32 > 0, IF(AH24> 0, AH24 + 1, 0.1), 0) -> 0 | AI32: =IF(G32 > 0, IF(AI24> 0, AI24 + 1, 0.1), 0) -> 0 | AJ32: =IF(H32 > 0, IF(AJ24> 0, AJ24 + 1, 0.1), 0) -> 0 | AK32: =IF(I32 > 0, IF(AK24> 0, AK24 + 1, 0.1), 0) -> 0 | ... AW32: =IF(U32 > 0, IF(AW24> 0, AW24 + 1, 0.1), 0) -> 0 | AY32: =SUM($B$32:B32) -> 0 | AZ32: =SUM($B$32:C32) -> 0 | BA32: =SUM($B$32:D32) -> 0 | BB32: =SUM($B$32:E32) -> 0 | BC32: =SUM($B$32:F32) -> 0 | BD32: =SUM($B$32:G32) -> 0 | BE32: =SUM($B$32:H32) -> 0 | BF32: =SUM($B$32:I32) -> 0 | ... BJ32: =SUM($B$32:M32) -> 0 | BK32: =SUM($B$32:Q32) -> 0 | BL32: =SUM($B$32:N32) -> 0 | BM32: =SUM($B$32:O32) -> 0 | BN32: =SUM($B$32:P32) -> 0 | BO32: =SUM($B$32:R32) -> 0 | BP32: =SUM($B$32:S32) -> 0 | BQ32: =SUM($B$32:T32) -> 0 | BR32: =SUM($B$32:V32) -> 0 | BS32: =SUM($BR$32:BR32) -> 0 | BT32: =BR32+X32 -> 0 | BU32: =SUM($BT$32:BT32) -> 0
A33: Tue | W33: =SUM(B33:V33) -> 0 | X33: =SUM(AD33:AW33)*0.1 -> 0 | Y33: =W33+X33 -> 0 | AB33: =AB19+W33 -> 0 | AC33: Tue | AD33: =IF(B33 > 0, IF(AD32 > 0, AD32 + 1, 0.1), 0) -> 0 | AE33: =IF(C33 > 0, IF(AE32 > 0, AE32 + 1, 0.1), 0) -> 0 | AF33: =IF(D33 > 0, IF(AF32 > 0, AF32 + 1, 0.1), 0) -> 0 | AG33: =IF(E33 > 0, IF(AG32 > 0, AG32 + 1, 0.1), 0) -> 0 | AH33: =IF(F33 > 0, IF(AH32 > 0, AH32 + 1, 0.1), 0) -> 0 | AI33: =IF(G33 > 0, IF(AI32 > 0, AI32 + 1, 0.1), 0) -> 0 | AJ33: =IF(H33 > 0, IF(AJ32 > 0, AJ32 + 1, 0.1), 0) -> 0 | AK33: =IF(I33 > 0, IF(AK32 > 0, AK32 + 1, 0.1), 0) -> 0 | ... AT33: =IF(R33 > 0, IF(AT32 > 0, AT32 + 1, 0.1), 0) -> 0 | AU33: =IF(S33 > 0, IF(AU25> 0, AU25 + 1, 0.1), 0) -> 0 | AV33: =IF(T33 > 0, IF(AV32 > 0, AV32 + 1, 0.1), 0) -> 0 | AW33: =IF(U33 > 0, IF(AW32 > 0, AW32 + 1, 0.1), 0) -> 0 | AY33: =SUM($B$33:B33) -> 0 | AZ33: =SUM($B$33:C33) -> 0 | BA33: =SUM($B$33:D33) -> 0 | BB33: =SUM($B$33:E33) -> 0 | BC33: =SUM($B$33:F33) -> 0 | BD33: =SUM($B$33:G33) -> 0 | BE33: =SUM($B$33:H33) -> 0 | BF33: =SUM($B$33:I33) -> 0 | ... BJ33: =SUM($B$33:M33) -> 0 | BK33: =SUM($B$33:Q33) -> 0 | BL33: =SUM($B$33:N33) -> 0 | BM33: =SUM($B$33:O33) -> 0 | BN33: =SUM($B$33:P33) -> 0 | BO33: =SUM($B$33:R33) -> 0 | BP33: =SUM($B$33:S33) -> 0 | BQ33: =SUM($B$33:T33) -> 0 | BR33: =SUM($B$33:V33) -> 0 | BS33: =SUM($BR$32:BR33) -> 0 | BT33: =BR33+X33 -> 0 | BU33: =SUM($BT$32:BT33) -> 0
A34: Wed | W34: =SUM(B34:V34) -> 0 | X34: =SUM(AD34:AW34)*0.1 -> 0 | Y34: =W34+X34 -> 0 | AB34: =AB20+W34 -> 0 | AC34: Wed | AD34: =IF(B34 > 0, IF(AD33 > 0, AD33 + 1, 0.1), 0) -> 0 | AE34: =IF(C34 > 0, IF(AE33 > 0, AE33 + 1, 0.1), 0) -> 0 | AF34: =IF(D34 > 0, IF(AF33 > 0, AF33 + 1, 0.1), 0) -> 0 | AG34: =IF(E34 > 0, IF(AG33 > 0, AG33 + 1, 0.1), 0) -> 0 | AH34: =IF(F34 > 0, IF(AH33 > 0, AH33 + 1, 0.1), 0) -> 0 | AI34: =IF(G34 > 0, IF(AI33 > 0, AI33 + 1, 0.1), 0) -> 0 | AJ34: =IF(H34 > 0, IF(AJ33 > 0, AJ33 + 1, 0.1), 0) -> 0 | AK34: =IF(I34 > 0, IF(AK33 > 0, AK33 + 1, 0.1), 0) -> 0 | ... AT34: =IF(R34 > 0, IF(AT33 > 0, AT33 + 1, 0.1), 0) -> 0 | AU34: =IF(S34 > 0, IF(AU26> 0, AU26 + 1, 0.1), 0) -> 0 | AV34: =IF(T34 > 0, IF(AV33 > 0, AV33 + 1, 0.1), 0) -> 0 | AW34: =IF(U34 > 0, IF(AW33 > 0, AW33 + 1, 0.1), 0) -> 0 | AY34: =SUM($B$34:B34) -> 0 | AZ34: =SUM($B$34:C34) -> 0 | BA34: =SUM($B$34:D34) -> 0 | BB34: =SUM($B$34:E34) -> 0 | BC34: =SUM($B$34:F34) -> 0 | BD34: =SUM($B$34:G34) -> 0 | BE34: =SUM($B$34:H34) -> 0 | BF34: =SUM($B$34:I34) -> 0 | ... BJ34: =SUM($B$34:M34) -> 0 | BK34: =SUM($B$34:Q34) -> 0 | BL34: =SUM($B$34:N34) -> 0 | BM34: =SUM($B$34:O34) -> 0 | BN34: =SUM($B$34:P34) -> 0 | BO34: =SUM($B$34:R34) -> 0 | BP34: =SUM($B$34:S34) -> 0 | BQ34: =SUM($B$34:T34) -> 0 | BR34: =SUM($B$34:V34) -> 0 | BS34: =SUM($BR$32:BR34) -> 0 | BT34: =BR34+X34 -> 0 | BU34: =SUM($BT$32:BT34) -> 0
A35: Thu | W35: =SUM(B35:V35) -> 0 | X35: =SUM(AD35:AW35)*0.1 -> 0 | Y35: =W35+X35 -> 0 | AB35: =AB21+W35 -> 0 | AC35: Thu | AD35: =IF(B35 > 0, IF(AD34 > 0, AD34 + 1, 0.1), 0) -> 0 | AE35: =IF(C35 > 0, IF(AE34 > 0, AE34 + 1, 0.1), 0) -> 0 | AF35: =IF(D35 > 0, IF(AF34 > 0, AF34 + 1, 0.1), 0) -> 0 | AG35: =IF(E35 > 0, IF(AG34 > 0, AG34 + 1, 0.1), 0) -> 0 | AH35: =IF(F35 > 0, IF(AH34 > 0, AH34 + 1, 0.1), 0) -> 0 | AI35: =IF(G35 > 0, IF(AI34 > 0, AI34 + 1, 0.1), 0) -> 0 | AJ35: =IF(H35 > 0, IF(AJ34 > 0, AJ34 + 1, 0.1), 0) -> 0 | AK35: =IF(I35 > 0, IF(AK34 > 0, AK34 + 1, 0.1), 0) -> 0 | ... AT35: =IF(R35 > 0, IF(AT34 > 0, AT34 + 1, 0.1), 0) -> 0 | AU35: =IF(S35 > 0, IF(AU27> 0, AU27 + 1, 0.1), 0) -> 0 | AV35: =IF(T35 > 0, IF(AV34 > 0, AV34 + 1, 0.1), 0) -> 0 | AW35: =IF(U35 > 0, IF(AW34 > 0, AW34 + 1, 0.1), 0) -> 0 | AY35: =SUM($B$35:B35) -> 0 | AZ35: =SUM($B$35:C35) -> 0 | BA35: =SUM($B$35:D35) -> 0 | BB35: =SUM($B$35:E35) -> 0 | BC35: =SUM($B$35:F35) -> 0 | BD35: =SUM($B$35:G35) -> 0 | BE35: =SUM($B$35:H35) -> 0 | BF35: =SUM($B$35:I35) -> 0 | ... BJ35: =SUM($B$35:M35) -> 0 | BK35: =SUM($B$35:Q35) -> 0 | BL35: =SUM($B$35:N35) -> 0 | BM35: =SUM($B$35:O35) -> 0 | BN35: =SUM($B$35:P35) -> 0 | BO35: =SUM($B$35:R35) -> 0 | BP35: =SUM($B$35:S35) -> 0 | BQ35: =SUM($B$35:T35) -> 0 | BR35: =SUM($B$35:V35) -> 0 | BS35: =SUM($BR$32:BR35) -> 0 | BT35: =BR35+X35 -> 0 | BU35: =SUM($BT$32:BT35) -> 0
A36: Fri | W36: =SUM(B36:V36) -> 0 | X36: =SUM(AD36:AW36)*0.1 -> 0 | Y36: =W36+X36 -> 0 | AB36: =AB22+W36 -> 0 | AC36: Fri | AD36: =IF(B36 > 0, IF(AD35 > 0, AD35 + 1, 0.1), 0) -> 0 | AE36: =IF(C36 > 0, IF(AE35 > 0, AE35 + 1, 0.1), 0) -> 0 | AF36: =IF(D36 > 0, IF(AF35 > 0, AF35 + 1, 0.1), 0) -> 0 | AG36: =IF(E36 > 0, IF(AG35 > 0, AG35 + 1, 0.1), 0) -> 0 | AH36: =IF(F36 > 0, IF(AH35 > 0, AH35 + 1, 0.1), 0) -> 0 | AI36: =IF(G36 > 0, IF(AI35 > 0, AI35 + 1, 0.1), 0) -> 0 | AJ36: =IF(H36 > 0, IF(AJ35 > 0, AJ35 + 1, 0.1), 0) -> 0 | AK36: =IF(I36 > 0, IF(AK35 > 0, AK35 + 1, 0.1), 0) -> 0 | ... AT36: =IF(R36 > 0, IF(AT35 > 0, AT35 + 1, 0.1), 0) -> 0 | AU36: =IF(S36 > 0, IF(AU28> 0, AU28 + 1, 0.1), 0) -> 0 | AV36: =IF(T36 > 0, IF(AV35 > 0, AV35 + 1, 0.1), 0) -> 0 | AW36: =IF(U36 > 0, IF(AW35 > 0, AW35 + 1, 0.1), 0) -> 0 | AY36: =SUM($B$36:B36) -> 0 | AZ36: =SUM($B$36:C36) -> 0 | BA36: =SUM($B$36:D36) -> 0 | BB36: =SUM($B$36:E36) -> 0 | BC36: =SUM($B$36:F36) -> 0 | BD36: =SUM($B$36:G36) -> 0 | BE36: =SUM($B$36:H36) -> 0 | BF36: =SUM($B$36:I36) -> 0 | ... BJ36: =SUM($B$36:M36) -> 0 | BK36: =SUM($B$36:Q36) -> 0 | BL36: =SUM($B$36:N36) -> 0 | BM36: =SUM($B$36:O36) -> 0 | BN36: =SUM($B$36:P36) -> 0 | BO36: =SUM($B$36:R36) -> 0 | BP36: =SUM($B$36:S36) -> 0 | BQ36: =SUM($B$36:T36) -> 0 | BR36: =SUM($B$36:V36) -> 0 | BS36: =SUM($BR$32:BR36) -> 0 | BT36: =BR36+X36 -> 0 | BU36: =SUM($BT$32:BT36) -> 0
A37: Sat | W37: =SUM(B37:V37) -> 0 | X37: =SUM(AD37:AW37)*0.1 -> 0 | Y37: =W37+X37 -> 0 | AB37: =AB23+W37 -> 0 | AC37: Sat | AD37: =IF(B37 > 0, IF(AD36 > 0, AD36 + 1, 0.1), 0) -> 0 | AE37: =IF(C37 > 0, IF(AE36 > 0, AE36 + 1, 0.1), 0) -> 0 | AF37: =IF(D37 > 0, IF(AF36 > 0, AF36 + 1, 0.1), 0) -> 0 | AG37: =IF(E37 > 0, IF(AG36 > 0, AG36 + 1, 0.1), 0) -> 0 | AH37: =IF(F37 > 0, IF(AH36 > 0, AH36 + 1, 0.1), 0) -> 0 | AI37: =IF(G37 > 0, IF(AI36 > 0, AI36 + 1, 0.1), 0) -> 0 | AJ37: =IF(H37 > 0, IF(AJ36 > 0, AJ36 + 1, 0.1), 0) -> 0 | AK37: =IF(I37 > 0, IF(AK36 > 0, AK36 + 1, 0.1), 0) -> 0 | ... AT37: =IF(R37 > 0, IF(AT36 > 0, AT36 + 1, 0.1), 0) -> 0 | AU37: =IF(S37 > 0, IF(AU29> 0, AU29 + 1, 0.1), 0) -> 0 | AV37: =IF(T37 > 0, IF(AV36 > 0, AV36 + 1, 0.1), 0) -> 0 | AW37: =IF(U37 > 0, IF(AW36 > 0, AW36 + 1, 0.1), 0) -> 0 | AY37: =SUM($B$37:B37) -> 0 | AZ37: =SUM($B$37:C37) -> 0 | BA37: =SUM($B$37:D37) -> 0 | BB37: =SUM($B$37:E37) -> 0 | BC37: =SUM($B$37:F37) -> 0 | BD37: =SUM($B$37:G37) -> 0 | BE37: =SUM($B$37:H37) -> 0 | BF37: =SUM($B$37:I37) -> 0 | ... BJ37: =SUM($B$37:M37) -> 0 | BK37: =SUM($B$37:Q37) -> 0 | BL37: =SUM($B$37:N37) -> 0 | BM37: =SUM($B$37:O37) -> 0 | BN37: =SUM($B$37:P37) -> 0 | BO37: =SUM($B$37:R37) -> 0 | BP37: =SUM($B$37:S37) -> 0 | BQ37: =SUM($B$37:T37) -> 0 | BR37: =SUM($B$37:V37) -> 0 | BS37: =SUM($BR$32:BR37) -> 0 | BT37: =BR37+X37 -> 0 | BU37: =SUM($BT$32:BT37) -> 0
A38: Sun | W38: =SUM(B38:V38) -> 0 | X38: =SUM(AD38:AW38)*0.1 -> 0 | Y38: =W38+X38 -> 0 | AB38: =AB24+W38 -> 0 | AC38: Sun | AD38: =IF(B38 > 0, IF(AD37 > 0, AD37 + 1, 0.1), 0) -> 0 | AE38: =IF(C38 > 0, IF(AE37 > 0, AE37 + 1, 0.1), 0) -> 0 | AF38: =IF(D38 > 0, IF(AF37 > 0, AF37 + 1, 0.1), 0) -> 0 | AG38: =IF(E38 > 0, IF(AG37 > 0, AG37 + 1, 0.1), 0) -> 0 | AH38: =IF(F38 > 0, IF(AH37 > 0, AH37 + 1, 0.1), 0) -> 0 | AI38: =IF(G38 > 0, IF(AI37 > 0, AI37 + 1, 0.1), 0) -> 0 | AJ38: =IF(H38 > 0, IF(AJ37 > 0, AJ37 + 1, 0.1), 0) -> 0 | AK38: =IF(I38 > 0, IF(AK37 > 0, AK37 + 1, 0.1), 0) -> 0 | ... AT38: =IF(R38 > 0, IF(AT37 > 0, AT37 + 1, 0.1), 0) -> 0 | AU38: =IF(S38 > 0, IF(AU30> 0, AU30 + 1, 0.1), 0) -> 0 | AV38: =IF(T38 > 0, IF(AV37 > 0, AV37 + 1, 0.1), 0) -> 0 | AW38: =IF(U38 > 0, IF(AW37 > 0, AW37 + 1, 0.1), 0) -> 0 | AY38: =SUM($B$38:B38) -> 0 | AZ38: =SUM($B$38:C38) -> 0 | BA38: =SUM($B$38:D38) -> 0 | BB38: =SUM($B$38:E38) -> 0 | BC38: =SUM($B$38:F38) -> 0 | BD38: =SUM($B$38:G38) -> 0 | BE38: =SUM($B$38:H38) -> 0 | BF38: =SUM($B$38:I38) -> 0 | ... BJ38: =SUM($B$38:M38) -> 0 | BK38: =SUM($B$38:Q38) -> 0 | BL38: =SUM($B$38:N38) -> 0 | BM38: =SUM($B$38:O38) -> 0 | BN38: =SUM($B$38:P38) -> 0 | BO38: =SUM($B$38:R38) -> 0 | BP38: =SUM($B$38:S38) -> 0 | BQ38: =SUM($B$38:T38) -> 0 | BR38: =SUM($B$38:V38) -> 0 | BS38: =SUM($BR$32:BR38) -> 0 | BT38: =BR38+X38 -> 0 | BU38: =SUM($BT$32:BT38) -> 0
A39: Total ind | B39: =SUM(B32:B38) -> 0 | C39: =SUM(C32:C38) -> 0 | D39: =SUM(D32:D38) -> 0 | E39: =SUM(E32:E38) -> 0 | F39: =SUM(F32:F38) -> 0 | G39: =SUM(G32:G38) -> 0 | H39: =SUM(H32:H38) -> 0 | I39: =SUM(I32:I38) -> 0 | ... W39: =SUM(W32:W38) -> 0 | Z39: How's your week?:
A40: ratio | B40: =B39-B25 -> 0 | C40: =C39-C25 -> 0 | D40: =D39-D25 -> 0 | E40: =E39-E25 -> 0 | F40: =F39-F25 -> 0 | G40: =G39-G25 -> 0 | H40: =H39-H25 -> 0 | I40: =I39-I25 -> 0 | ... V40: =V39-V25 -> 0 | W40: =SUM(B40:V40) -> 0
A41: Streaks | B41: {=IF(COUNTIF(AD32:AD38,0)=0, LOOKUP(2,1/(AD32:AD38<>""),AD32:AD38), MATCH(0,INDEX(AD32:AD38,MAX(ROW(AD32:AD38))-ROW(AD32:AD38)+1),0)-1 )} -> 0 | C41: {=IF(COUNTIF(AE32:AE38,0)=0, LOOKUP(2,1/(AE32:AE38<>""),AE32:AE38), MATCH(0,INDEX(AE32:AE38,MAX(ROW(AE32:AE38))-ROW(AE32:AE38)+1),0)-1 )} -> 0 | D41: {=IF(COUNTIF(AF32:AF38,0)=0, LOOKUP(2,1/(AF32:AF38<>""),AF32:AF38), MATCH(0,INDEX(AF32:AF38,MAX(ROW(AF32:AF38))-ROW(AF32:AF38)+1),0)-1 )} -> 0 | E41: {=IF(COUNTIF(AG32:AG38,0)=0, LOOKUP(2,1/(AG32:AG38<>""),AG32:AG38), MATCH(0,INDEX(AG32:AG38,MAX(ROW(AG32:AG38))-ROW(AG32:AG38)+1),0)-1 )} -> 0 | F41: {=IF(COUNTIF(AH32:AH38,0)=0, LOOKUP(2,1/(AH32:AH38<>""),AH32:AH38), MATCH(0,INDEX(AH32:AH38,MAX(ROW(AH32:AH38))-ROW(AH32:AH38)+1),0)-1 )} -> 0 | G41: {=IF(COUNTIF(AI32:AI38,0)=0, LOOKUP(2,1/(AI32:AI38<>""),AI32:AI38), MATCH(0,INDEX(AI32:AI38,MAX(ROW(AI32:AI38))-ROW(AI32:AI38)+1),0)-1 )} -> 0 | H41: {=IF(COUNTIF(AJ32:AJ38,0)=0, LOOKUP(2,1/(AJ32:AJ38<>""),AJ32:AJ38), MATCH(0,INDEX(AJ32:AJ38,MAX(ROW(AJ32:AJ38))-ROW(AJ32:AJ38)+1),0)-1 )} -> 0 | I41: {=IF(COUNTIF(AK32:AK38,0)=0, LOOKUP(2,1/(AK32:AK38<>""),AK32:AK38), MATCH(0,INDEX(AK32:AK38,MAX(ROW(AK32:AK38))-ROW(AK32:AK38)+1),0)-1 )} -> 0 | ... U41: {=IF(COUNTIF(AW32:AW38,0)=0, LOOKUP(2,1/(AW32:AW38<>""),AW32:AW38), MATCH(0,INDEX(AW32:AW38,MAX(ROW(AW32:AW38))-ROW(AW32:AW38)+1),0)-1 )} -> 0 | V41: {=IF(COUNTIF(Y32:Y38,0)=0, LOOKUP(2,1/(Y32:Y38<>""),Y32:Y38), MATCH(0,INDEX(Y32:Y38,MAX(ROW(Y32:Y38))-ROW(Y32:Y38)+1),0)-1 )} -> 0
A42: Cumulative | B42: =B39+B28 -> 2 | C42: =C39+C28 -> 0 | D42: =D39+D28 -> 5 | E42: =E39+E28 -> 9 | F42: =F39+F28 -> 4 | G42: =G39+G28 -> 0 | H42: =H39+H28 -> 0 | I42: =I39+I28 -> 3 | ... V42: =V39+V28 -> 2 | W42: =SUM(W28,W39) -> 36.25 | Y42: =SUM(Y32:Y38) -> 0
A43: Consistency | B43: =(COUNTIF(B4:B10, ">0")+COUNTIF(B18:B24, ">0") + COUNTIF(B32:B38, ">0")) / 21 -> 0.047619048 | C43: =(COUNTIF(C4:C10, ">0")+COUNTIF(C18:C24, ">0") + COUNTIF(C32:C38, ">0")) / 21 -> 0 | D43: =(COUNTIF(D4:D10, ">0")+COUNTIF(D18:D24, ">0") + COUNTIF(D32:D38, ">0")) / 21 -> 0.047619048 | E43: =(COUNTIF(E4:E10, ">0")+COUNTIF(E18:E24, ">0") + COUNTIF(E32:E38, ">0")) / 21 -> 0.047619048 | F43: =(COUNTIF(F4:F10, ">0")+COUNTIF(F18:F24, ">0") + COUNTIF(F32:F38, ">0")) / 21 -> 0.047619048 | G43: =(COUNTIF(G4:G10, ">0")+COUNTIF(G18:G24, ">0") + COUNTIF(G32:G38, ">0")) / 21 -> 0 | H43: =(COUNTIF(H4:H10, ">0")+COUNTIF(H18:H24, ">0") + COUNTIF(H32:H38, ">0")) / 21 -> 0 | I43: =(COUNTIF(I4:I10, ">0")+COUNTIF(I18:I24, ">0") + COUNTIF(I32:I38, ">0")) / 21 -> 0.047619048 | ... O43: =(COUNTIF(O4:O10, ">0")+COUNTIF(O18:O24, ">0") + COUNTIF(O32:O38, ">0")) / 21 -> 0.047619048 | U43: negpos | V43: =SUMIF(B39:V39,"<0",B39:V39) -> 0 | W43: =SUMIF(B39:V39,">0",B39:V39) -> 0
AY44: w4
A45: week4 | B45: =C31+1 -> 46048 | C45: =B45+6 -> 46054 | I45: Be | J45: Honest | AC45: W4 | AY45: @ 6am | AZ45: Bootup | BA45: Study | BB45: Gym | BC45: Work | BD45: Overtime | BE45: Cooking | BF45: D &H | BG45: Art | BH45: Chess | BI45: P & I | BJ45: Cleanliness | BK45: Hygeine | BL45: Resist | BM45: Binge | BN45: Help | BO45: Journal | BP45: Vibe | BQ45: by 11pm | BR45: Bonus/penalties | BS45: 0 | BU45: 0
A46: Mon | W46: =SUM(B46:V46) -> 0 | X46: =SUM(AD46:AW46)*0.1 -> 0 | Y46: =W46+X46 -> 0 | AB46: =W46+AB32 -> 36.25 | AC46: Mon | AD46: =IF(B46 > 0, IF(AD38> 0, AD38 + 1, 0.1), 0) -> 0 | AE46: =IF(C46 > 0, IF(AE38> 0, AE38 + 1, 0.1), 0) -> 0 | AF46: =IF(D46 > 0, IF(AF38> 0, AF38 + 1, 0.1), 0) -> 0 | AG46: =IF(E46 > 0, IF(AG38> 0, AG38 + 1, 0.1), 0) -> 0 | AH46: =IF(F46 > 0, IF(AH38> 0, AH38 + 1, 0.1), 0) -> 0 | AI46: =IF(G46 > 0, IF(AI38> 0, AI38 + 1, 0.1), 0) -> 0 | AJ46: =IF(H46 > 0, IF(AJ38> 0, AJ38 + 1, 0.1), 0) -> 0 | AK46: =IF(I46 > 0, IF(AK38> 0, AK38 + 1, 0.1), 0) -> 0 | ... AW46: =IF(U46 > 0, IF(AW38> 0, AW38 + 1, 0.1), 0) -> 0 | AY46: =SUM($B$46:B46) -> 0 | AZ46: =SUM($B$46:C46) -> 0 | BA46: =SUM($B$46:D46) -> 0 | BB46: =SUM($B$46:E46) -> 0 | BC46: =SUM($B$46:F46) -> 0 | BD46: =SUM($B$46:G46) -> 0 | BE46: =SUM($B$46:H46) -> 0 | BF46: =SUM($B$46:I46) -> 0 | ... BJ46: =SUM($B$46:M46) -> 0 | BK46: =SUM($B$46:Q46) -> 0 | BL46: =SUM($B$46:N46) -> 0 | BM46: =SUM($B$46:O46) -> 0 | BN46: =SUM($B$46:P46) -> 0 | BO46: =SUM($B$46:R46) -> 0 | BP46: =SUM($B$46:S46) -> 0 | BQ46: =SUM($B$46:T46) -> 0 | BR46: =SUM($B$46:V46) -> 0 | BS46: =SUM($BR$46:BR46) -> 0 | BT46: =BR46+X46 -> 0 | BU46: =SUM($BT$46:BT46) -> 0
A47: Tue | W47: =SUM(B47:V47) -> 0 | X47: =SUM(AD47:AW47)*0.1 -> 0 | Y47: =W47+X47 -> 0 | AB47: =AB33+W47 -> 0 | AC47: Tue | AD47: =IF(B47 > 0, IF(AD46 > 0, AD46 + 1, 0.1), 0) -> 0 | AE47: =IF(C47 > 0, IF(AE46 > 0, AE46 + 1, 0.1), 0) -> 0 | AF47: =IF(D47 > 0, IF(AF46 > 0, AF46 + 1, 0.1), 0) -> 0 | AG47: =IF(E47 > 0, IF(AG46 > 0, AG46 + 1, 0.1), 0) -> 0 | AH47: =IF(F47 > 0, IF(AH46 > 0, AH46 + 1, 0.1), 0) -> 0 | AI47: =IF(G47 > 0, IF(AI46 > 0, AI46 + 1, 0.1), 0) -> 0 | AJ47: =IF(H47 > 0, IF(AJ46 > 0, AJ46 + 1, 0.1), 0) -> 0 | AK47: =IF(I47 > 0, IF(AK46 > 0, AK46 + 1, 0.1), 0) -> 0 | ... AT47: =IF(R47 > 0, IF(AT46 > 0, AT46 + 1, 0.1), 0) -> 0 | AU47: =IF(S47 > 0, IF(AU39> 0, AU39 + 1, 0.1), 0) -> 0 | AV47: =IF(T47 > 0, IF(AV46 > 0, AV46 + 1, 0.1), 0) -> 0 | AW47: =IF(U47 > 0, IF(AW46 > 0, AW46 + 1, 0.1), 0) -> 0 | AY47: =SUM($B$47:B47) -> 0 | AZ47: =SUM($B$47:C47) -> 0 | BA47: =SUM($B$47:D47) -> 0 | BB47: =SUM($B$47:E47) -> 0 | BC47: =SUM($B$47:F47) -> 0 | BD47: =SUM($B$47:G47) -> 0 | BE47: =SUM($B$47:H47) -> 0 | BF47: =SUM($B$47:I47) -> 0 | ... BJ47: =SUM($B$47:M47) -> 0 | BK47: =SUM($B$47:Q47) -> 0 | BL47: =SUM($B$47:N47) -> 0 | BM47: =SUM($B$47:O47) -> 0 | BN47: =SUM($B$47:P47) -> 0 | BO47: =SUM($B$47:R47) -> 0 | BP47: =SUM($B$47:S47) -> 0 | BQ47: =SUM($B$47:T47) -> 0 | BR47: =SUM($B$47:V47) -> 0 | BS47: =SUM($BR$46:BR47) -> 0 | BT47: =BR47+X47 -> 0 | BU47: =SUM($BT$46:BT47) -> 0
A48: Wed | W48: =SUM(B48:V48) -> 0 | X48: =SUM(AD48:AW48)*0.1 -> 0 | Y48: =W48+X48 -> 0 | AB48: =AB34+W48 -> 0 | AC48: Wed | AD48: =IF(B48 > 0, IF(AD47 > 0, AD47 + 1, 0.1), 0) -> 0 | AE48: =IF(C48 > 0, IF(AE47 > 0, AE47 + 1, 0.1), 0) -> 0 | AF48: =IF(D48 > 0, IF(AF47 > 0, AF47 + 1, 0.1), 0) -> 0 | AG48: =IF(E48 > 0, IF(AG47 > 0, AG47 + 1, 0.1), 0) -> 0 | AH48: =IF(F48 > 0, IF(AH47 > 0, AH47 + 1, 0.1), 0) -> 0 | AI48: =IF(G48 > 0, IF(AI47 > 0, AI47 + 1, 0.1), 0) -> 0 | AJ48: =IF(H48 > 0, IF(AJ47 > 0, AJ47 + 1, 0.1), 0) -> 0 | AK48: =IF(I48 > 0, IF(AK47 > 0, AK47 + 1, 0.1), 0) -> 0 | ... AT48: =IF(R48 > 0, IF(AT47 > 0, AT47 + 1, 0.1), 0) -> 0 | AU48: =IF(S48 > 0, IF(AU40> 0, AU40 + 1, 0.1), 0) -> 0 | AV48: =IF(T48 > 0, IF(AV47 > 0, AV47 + 1, 0.1), 0) -> 0 | AW48: =IF(U48 > 0, IF(AW47 > 0, AW47 + 1, 0.1), 0) -> 0 | AY48: =SUM($B$48:B48) -> 0 | AZ48: =SUM($B$48:C48) -> 0 | BA48: =SUM($B$48:D48) -> 0 | BB48: =SUM($B$48:E48) -> 0 | BC48: =SUM($B$48:F48) -> 0 | BD48: =SUM($B$48:G48) -> 0 | BE48: =SUM($B$48:H48) -> 0 | BF48: =SUM($B$48:I48) -> 0 | ... BJ48: =SUM($B$48:M48) -> 0 | BK48: =SUM($B$48:Q48) -> 0 | BL48: =SUM($B$48:N48) -> 0 | BM48: =SUM($B$48:O48) -> 0 | BN48: =SUM($B$48:P48) -> 0 | BO48: =SUM($B$48:R48) -> 0 | BP48: =SUM($B$48:S48) -> 0 | BQ48: =SUM($B$48:T48) -> 0 | BR48: =SUM($B$48:V48) -> 0 | BS48: =SUM($BR$46:BR48) -> 0 | BT48: =BR48+X48 -> 0 | BU48: =SUM($BT$46:BT48) -> 0
A49: Thu | W49: =SUM(B49:V49) -> 0 | X49: =SUM(AD49:AW49)*0.1 -> 0 | Y49: =W49+X49 -> 0 | AB49: =AB35+W49 -> 0 | AC49: Thu | AD49: =IF(B49 > 0, IF(AD48 > 0, AD48 + 1, 0.1), 0) -> 0 | AE49: =IF(C49 > 0, IF(AE48 > 0, AE48 + 1, 0.1), 0) -> 0 | AF49: =IF(D49 > 0, IF(AF48 > 0, AF48 + 1, 0.1), 0) -> 0 | AG49: =IF(E49 > 0, IF(AG48 > 0, AG48 + 1, 0.1), 0) -> 0 | AH49: =IF(F49 > 0, IF(AH48 > 0, AH48 + 1, 0.1), 0) -> 0 | AI49: =IF(G49 > 0, IF(AI48 > 0, AI48 + 1, 0.1), 0) -> 0 | AJ49: =IF(H49 > 0, IF(AJ48 > 0, AJ48 + 1, 0.1), 0) -> 0 | AK49: =IF(I49 > 0, IF(AK48 > 0, AK48 + 1, 0.1), 0) -> 0 | ... AT49: =IF(R49 > 0, IF(AT48 > 0, AT48 + 1, 0.1), 0) -> 0 | AU49: =IF(S49 > 0, IF(AU41> 0, AU41 + 1, 0.1), 0) -> 0 | AV49: =IF(T49 > 0, IF(AV48 > 0, AV48 + 1, 0.1), 0) -> 0 | AW49: =IF(U49 > 0, IF(AW48 > 0, AW48 + 1, 0.1), 0) -> 0 | AY49: =SUM($B$49:B49) -> 0 | AZ49: =SUM($B$49:C49) -> 0 | BA49: =SUM($B$49:D49) -> 0 | BB49: =SUM($B$49:E49) -> 0 | BC49: =SUM($B$49:F49) -> 0 | BD49: =SUM($B$49:G49) -> 0 | BE49: =SUM($B$49:H49) -> 0 | BF49: =SUM($B$49:I49) -> 0 | ... BJ49: =SUM($B$49:M49) -> 0 | BK49: =SUM($B$49:Q49) -> 0 | BL49: =SUM($B$49:N49) -> 0 | BM49: =SUM($B$49:O49) -> 0 | BN49: =SUM($B$49:P49) -> 0 | BO49: =SUM($B$49:R49) -> 0 | BP49: =SUM($B$49:S49) -> 0 | BQ49: =SUM($B$49:T49) -> 0 | BR49: =SUM($B$49:V49) -> 0 | BS49: =SUM($BR$46:BR49) -> 0 | BT49: =BR49+X49 -> 0 | BU49: =SUM($BT$46:BT49) -> 0
A50: Fri | W50: =SUM(B50:V50) -> 0 | X50: =SUM(AD50:AW50)*0.1 -> 0 | Y50: =W50+X50 -> 0 | AB50: =AB36+W50 -> 0 | AC50: Fri | AD50: =IF(B50 > 0, IF(AD49 > 0, AD49 + 1, 0.1), 0) -> 0 | AE50: =IF(C50 > 0, IF(AE49 > 0, AE49 + 1, 0.1), 0) -> 0 | AF50: =IF(D50 > 0, IF(AF49 > 0, AF49 + 1, 0.1), 0) -> 0 | AG50: =IF(E50 > 0, IF(AG49 > 0, AG49 + 1, 0.1), 0) -> 0 | AH50: =IF(F50 > 0, IF(AH49 > 0, AH49 + 1, 0.1), 0) -> 0 | AI50: =IF(G50 > 0, IF(AI49 > 0, AI49 + 1, 0.1), 0) -> 0 | AJ50: =IF(H50 > 0, IF(AJ49 > 0, AJ49 + 1, 0.1), 0) -> 0 | AK50: =IF(I50 > 0, IF(AK49 > 0, AK49 + 1, 0.1), 0) -> 0 | ... AT50: =IF(R50 > 0, IF(AT49 > 0, AT49 + 1, 0.1), 0) -> 0 | AU50: =IF(S50 > 0, IF(AU42> 0, AU42 + 1, 0.1), 0) -> 0 | AV50: =IF(T50 > 0, IF(AV49 > 0, AV49 + 1, 0.1), 0) -> 0 | AW50: =IF(U50 > 0, IF(AW49 > 0, AW49 + 1, 0.1), 0) -> 0 | AY50: =SUM($B$50:B50) -> 0 | AZ50: =SUM($B$50:C50) -> 0 | BA50: =SUM($B$50:D50) -> 0 | BB50: =SUM($B$50:E50) -> 0 | BC50: =SUM($B$50:F50) -> 0 | BD50: =SUM($B$50:G50) -> 0 | BE50: =SUM($B$50:H50) -> 0 | BF50: =SUM($B$50:I50) -> 0 | ... BJ50: =SUM($B$50:M50) -> 0 | BK50: =SUM($B$50:Q50) -> 0 | BL50: =SUM($B$50:N50) -> 0 | BM50: =SUM($B$50:O50) -> 0 | BN50: =SUM($B$50:P50) -> 0 | BO50: =SUM($B$50:R50) -> 0 | BP50: =SUM($B$50:S50) -> 0 | BQ50: =SUM($B$50:T50) -> 0 | BR50: =SUM($B$50:V50) -> 0 | BS50: =SUM($BR$46:BR50) -> 0 | BT50: =BR50+X50 -> 0 | BU50: =SUM($BT$46:BT50) -> 0
A51: Sat | W51: =SUM(B51:V51) -> 0 | X51: =SUM(AD51:AW51)*0.1 -> 0 | Y51: =W51+X51 -> 0 | AB51: =AB37+W51 -> 0 | AC51: Sat | AD51: =IF(B51 > 0, IF(AD50 > 0, AD50 + 1, 0.1), 0) -> 0 | AE51: =IF(C51 > 0, IF(AE50 > 0, AE50 + 1, 0.1), 0) -> 0 | AF51: =IF(D51 > 0, IF(AF50 > 0, AF50 + 1, 0.1), 0) -> 0 | AG51: =IF(E51 > 0, IF(AG50 > 0, AG50 + 1, 0.1), 0) -> 0 | AH51: =IF(F51 > 0, IF(AH50 > 0, AH50 + 1, 0.1), 0) -> 0 | AI51: =IF(G51 > 0, IF(AI50 > 0, AI50 + 1, 0.1), 0) -> 0 | AJ51: =IF(H51 > 0, IF(AJ50 > 0, AJ50 + 1, 0.1), 0) -> 0 | AK51: =IF(I51 > 0, IF(AK50 > 0, AK50 + 1, 0.1), 0) -> 0 | ... AT51: =IF(R51 > 0, IF(AT50 > 0, AT50 + 1, 0.1), 0) -> 0 | AU51: =IF(S51 > 0, IF(AU43> 0, AU43 + 1, 0.1), 0) -> 0 | AV51: =IF(T51 > 0, IF(AV50 > 0, AV50 + 1, 0.1), 0) -> 0 | AW51: =IF(U51 > 0, IF(AW50 > 0, AW50 + 1, 0.1), 0) -> 0 | AY51: =SUM($B$51:B51) -> 0 | AZ51: =SUM($B$51:C51) -> 0 | BA51: =SUM($B$51:D51) -> 0 | BB51: =SUM($B$51:E51) -> 0 | BC51: =SUM($B$51:F51) -> 0 | BD51: =SUM($B$51:G51) -> 0 | BE51: =SUM($B$51:H51) -> 0 | BF51: =SUM($B$51:I51) -> 0 | ... BJ51: =SUM($B$51:M51) -> 0 | BK51: =SUM($B$51:Q51) -> 0 | BL51: =SUM($B$51:N51) -> 0 | BM51: =SUM($B$51:O51) -> 0 | BN51: =SUM($B$51:P51) -> 0 | BO51: =SUM($B$51:R51) -> 0 | BP51: =SUM($B$51:S51) -> 0 | BQ51: =SUM($B$51:T51) -> 0 | BR51: =SUM($B$51:V51) -> 0 | BS51: =SUM($BR$46:BR51) -> 0 | BT51: =BR51+X51 -> 0 | BU51: =SUM($BT$46:BT51) -> 0
A52: Sun | W52: =SUM(B52:V52) -> 0 | X52: =SUM(AD52:AW52)*0.1 -> 0 | Y52: =W52+X52 -> 0 | AB52: =AB38+W52 -> 0 | AC52: Sun | AD52: =IF(B52 > 0, IF(AD51 > 0, AD51 + 1, 0.1), 0) -> 0 | AE52: =IF(C52 > 0, IF(AE51 > 0, AE51 + 1, 0.1), 0) -> 0 | AF52: =IF(D52 > 0, IF(AF51 > 0, AF51 + 1, 0.1), 0) -> 0 | AG52: =IF(E52 > 0, IF(AG51 > 0, AG51 + 1, 0.1), 0) -> 0 | AH52: =IF(F52 > 0, IF(AH51 > 0, AH51 + 1, 0.1), 0) -> 0 | AI52: =IF(G52 > 0, IF(AI51 > 0, AI51 + 1, 0.1), 0) -> 0 | AJ52: =IF(H52 > 0, IF(AJ51 > 0, AJ51 + 1, 0.1), 0) -> 0 | AK52: =IF(I52 > 0, IF(AK51 > 0, AK51 + 1, 0.1), 0) -> 0 | ... AT52: =IF(R52 > 0, IF(AT51 > 0, AT51 + 1, 0.1), 0) -> 0 | AU52: =IF(S52 > 0, IF(AU44> 0, AU44 + 1, 0.1), 0) -> 0 | AV52: =IF(T52 > 0, IF(AV51 > 0, AV51 + 1, 0.1), 0) -> 0 | AW52: =IF(U52 > 0, IF(AW51 > 0, AW51 + 1, 0.1), 0) -> 0 | AY52: =SUM($B$52:B52) -> 0 | AZ52: =SUM($B$52:C52) -> 0 | BA52: =SUM($B$52:D52) -> 0 | BB52: =SUM($B$52:E52) -> 0 | BC52: =SUM($B$52:F52) -> 0 | BD52: =SUM($B$52:G52) -> 0 | BE52: =SUM($B$52:H52) -> 0 | BF52: =SUM($B$52:I52) -> 0 | ... BJ52: =SUM($B$52:M52) -> 0 | BK52: =SUM($B$52:Q52) -> 0 | BL52: =SUM($B$52:N52) -> 0 | BM52: =SUM($B$52:O52) -> 0 | BN52: =SUM($B$52:P52) -> 0 | BO52: =SUM($B$52:R52) -> 0 | BP52: =SUM($B$52:S52) -> 0 | BQ52: =SUM($B$52:T52) -> 0 | BR52: =SUM($B$52:V52) -> 0 | BS52: =SUM($BR$46:BR52) -> 0 | BT52: =BR52+X52 -> 0 | BU52: =SUM($BT$46:BT52) -> 0
A53: Total ind | B53: =SUM(B46:B52) -> 0 | C53: =SUM(C46:C52) -> 0 | D53: =SUM(D46:D52) -> 0 | E53: =SUM(E46:E52) -> 0 | F53: =SUM(F46:F52) -> 0 | G53: =SUM(G46:G52) -> 0 | H53: =SUM(H46:H52) -> 0 | I53: =SUM(I46:I52) -> 0 | ... W53: =SUM(W46:W52) -> 0 | Z53: How's your week?:
A54: Ratio | B54: =B53-B39 -> 0 | C54: =C53-C39 -> 0 | D54: =D53-D39 -> 0 | E54: =E53-E39 -> 0 | F54: =F53-F39 -> 0 | G54: =G53-G39 -> 0 | H54: =H53-H39 -> 0 | I54: =I53-I39 -> 0 | ... V54: =V53-V39 -> 0 | W54: =SUM(B54:V54) -> 0
A55: Streaks | B55: {=IF(COUNTIF(AD46:AD52,0)=0, LOOKUP(2,1/(AD46:AD52<>""),AD46:AD52), MATCH(0,INDEX(AD46:AD52,MAX(ROW(AD46:AD52))-ROW(AD46:AD52)+1),0)-1 )} -> 0 | C55: {=IF(COUNTIF(AE46:AE52,0)=0, LOOKUP(2,1/(AE46:AE52<>""),AE46:AE52), MATCH(0,INDEX(AE46:AE52,MAX(ROW(AE46:AE52))-ROW(AE46:AE52)+1),0)-1 )} -> 0 | D55: {=IF(COUNTIF(AF46:AF52,0)=0, LOOKUP(2,1/(AF46:AF52<>""),AF46:AF52), MATCH(0,INDEX(AF46:AF52,MAX(ROW(AF46:AF52))-ROW(AF46:AF52)+1),0)-1 )} -> 0 | E55: {=IF(COUNTIF(AG46:AG52,0)=0, LOOKUP(2,1/(AG46:AG52<>""),AG46:AG52), MATCH(0,INDEX(AG46:AG52,MAX(ROW(AG46:AG52))-ROW(AG46:AG52)+1),0)-1 )} -> 0 | F55: {=IF(COUNTIF(AH46:AH52,0)=0, LOOKUP(2,1/(AH46:AH52<>""),AH46:AH52), MATCH(0,INDEX(AH46:AH52,MAX(ROW(AH46:AH52))-ROW(AH46:AH52)+1),0)-1 )} -> 0 | G55: {=IF(COUNTIF(AI46:AI52,0)=0, LOOKUP(2,1/(AI46:AI52<>""),AI46:AI52), MATCH(0,INDEX(AI46:AI52,MAX(ROW(AI46:AI52))-ROW(AI46:AI52)+1),0)-1 )} -> 0 | H55: {=IF(COUNTIF(AJ46:AJ52,0)=0, LOOKUP(2,1/(AJ46:AJ52<>""),AJ46:AJ52), MATCH(0,INDEX(AJ46:AJ52,MAX(ROW(AJ46:AJ52))-ROW(AJ46:AJ52)+1),0)-1 )} -> 0 | I55: {=IF(COUNTIF(AK46:AK52,0)=0, LOOKUP(2,1/(AK46:AK52<>""),AK46:AK52), MATCH(0,INDEX(AK46:AK52,MAX(ROW(AK46:AK52))-ROW(AK46:AK52)+1),0)-1 )} -> 0 | ... U55: {=IF(COUNTIF(AW46:AW52,0)=0, LOOKUP(2,1/(AW46:AW52<>""),AW46:AW52), MATCH(0,INDEX(AW46:AW52,MAX(ROW(AW46:AW52))-ROW(AW46:AW52)+1),0)-1 )} -> 0 | V55: {=IF(COUNTIF(Y46:Y52,0)=0, LOOKUP(2,1/(Y46:Y52<>""),Y46:Y52), MATCH(0,INDEX(Y46:Y52,MAX(ROW(Y46:Y52))-ROW(Y46:Y52)+1),0)-1 )} -> 0
A56: Cumulative | B56: =B53+B42 -> 2 | C56: =C53+C42 -> 0 | D56: =D53+D42 -> 5 | E56: =E53+E42 -> 9 | F56: =F53+F42 -> 4 | G56: =G53+G42 -> 0 | H56: =H53+H42 -> 0 | I56: =I53+I42 -> 3 | ... V56: =V53+V42 -> 2 | W56: =SUM(W42,W53) -> 36.25 | Y56: =SUM(Y46:Y52) -> 0
A57: Consistency | B57: =(COUNTIF(B4:B10, ">0")+COUNTIF(B18:B24, ">0")+COUNTIF(B32:B38, ">0") + COUNTIF(B46:B52, ">0")) / 28 -> 0.035714286 | C57: =(COUNTIF(C4:C10, ">0")+COUNTIF(C18:C24, ">0")+COUNTIF(C32:C38, ">0") + COUNTIF(C46:C52, ">0")) / 28 -> 0 | D57: =(COUNTIF(D4:D10, ">0")+COUNTIF(D18:D24, ">0")+COUNTIF(D32:D38, ">0") + COUNTIF(D46:D52, ">0")) / 28 -> 0.035714286 | E57: =(COUNTIF(E4:E10, ">0")+COUNTIF(E18:E24, ">0")+COUNTIF(E32:E38, ">0") + COUNTIF(E46:E52, ">0")) / 28 -> 0.035714286 | F57: =(COUNTIF(F4:F10, ">0")+COUNTIF(F18:F24, ">0")+COUNTIF(F32:F38, ">0") + COUNTIF(F46:F52, ">0")) / 28 -> 0.035714286 | G57: =(COUNTIF(G4:G10, ">0")+COUNTIF(G18:G24, ">0")+COUNTIF(G32:G38, ">0") + COUNTIF(G46:G52, ">0")) / 28 -> 0 | H57: =(COUNTIF(H4:H10, ">0")+COUNTIF(H18:H24, ">0")+COUNTIF(H32:H38, ">0") + COUNTIF(H46:H52, ">0")) / 28 -> 0 | I57: =(COUNTIF(I4:I10, ">0")+COUNTIF(I18:I24, ">0")+COUNTIF(I32:I38, ">0") + COUNTIF(I46:I52, ">0")) / 28 -> 0.035714286 | ... O57: =(COUNTIF(O4:O10, ">0")+COUNTIF(O18:O24, ">0")+COUNTIF(O32:O38, ">0") + COUNTIF(O46:O52, ">0")) / 28 -> 0.035714286 | U57: negpos | V57: =SUMIF(B53:V53,"<0",B53:V53) -> 0 | W57: =SUMIF(B53:V53,">0",B53:V53) -> 0
AY58: w5
A59: week 5 | B59: =C45+1 -> 46055 | C59: =B59+6 -> 46061 | AC59: W5 | AY59: @ 6am | AZ59: Bootup | BA59: Study | BB59: Gym | BC59: Work | BD59: Overtime | BE59: Cooking | BF59: D &H | BG59: Art | BH59: Chess | BI59: P & I | BJ59: Cleanliness | BK59: Hygeine | BL59: Resist | BM59: Binge | BN59: Help | BO59: Journal | BP59: Vibe | BQ59: by 11pm | BR59: Bonus/penalties | BS59: 0 | BU59: 0
A60: Mon | W60: =SUM(B60:V60) -> 0 | X60: =SUM(AD60:AW60)*0.1 -> 0 | Y60: =W60+X60 -> 0 | AB60: =AB46+W60 -> 36.25 | AC60: Mon | AD60: =IF(B60 > 0, IF(AD52> 0, AD52+ 1, 0.1), 0) -> 0 | AE60: =IF(C60 > 0, IF(AE52> 0, AE52+ 1, 0.1), 0) -> 0 | AF60: =IF(D60 > 0, IF(AF52> 0, AF52+ 1, 0.1), 0) -> 0 | AG60: =IF(E60 > 0, IF(AG52> 0, AG52+ 1, 0.1), 0) -> 0 | AH60: =IF(F60 > 0, IF(AH52> 0, AH52+ 1, 0.1), 0) -> 0 | AI60: =IF(G60 > 0, IF(AI52> 0, AI52+ 1, 0.1), 0) -> 0 | AJ60: =IF(H60 > 0, IF(AJ52> 0, AJ52+ 1, 0.1), 0) -> 0 | AK60: =IF(I60 > 0, IF(AK52> 0, AK52+ 1, 0.1), 0) -> 0 | ... AW60: =IF(U60 > 0, IF(AW52> 0, AW52+ 1, 0.1), 0) -> 0 | AY60: =SUM($B$60:B60) -> 0 | AZ60: =SUM($B$60:C60) -> 0 | BA60: =SUM($B$60:D60) -> 0 | BB60: =SUM($B$60:E60) -> 0 | BC60: =SUM($B$60:F60) -> 0 | BD60: =SUM($B$60:G60) -> 0 | BE60: =SUM($B$60:H60) -> 0 | BF60: =SUM($B$60:I60) -> 0 | ... BJ60: =SUM($B$60:M60) -> 0 | BK60: =SUM($B$60:Q60) -> 0 | BL60: =SUM($B$60:N60) -> 0 | BM60: =SUM($B$60:O60) -> 0 | BN60: =SUM($B$60:P60) -> 0 | BO60: =SUM($B$60:R60) -> 0 | BP60: =SUM($B$60:S60) -> 0 | BQ60: =SUM($B$60:T60) -> 0 | BR60: =SUM($B$60:V60) -> 0 | BS60: =SUM($BR$60:BR60) -> 0 | BT60: =BR60+X60 -> 0 | BU60: =SUM($BT$60:BT60) -> 0
A61: Tue | W61: =SUM(B61:V61) -> 0 | X61: =SUM(AD61:AW61)*0.1 -> 0 | Y61: =W61+X61 -> 0 | AB61: =AB47+W61 -> 0 | AC61: Tue | AD61: =IF(B61 > 0, IF(AD60 > 0, AD60 + 1, 0.1), 0) -> 0 | AE61: =IF(C61 > 0, IF(AE60 > 0, AE60 + 1, 0.1), 0) -> 0 | AF61: =IF(D61 > 0, IF(AF60 > 0, AF60 + 1, 0.1), 0) -> 0 | AG61: =IF(E61 > 0, IF(AG60 > 0, AG60 + 1, 0.1), 0) -> 0 | AH61: =IF(F61 > 0, IF(AH60 > 0, AH60 + 1, 0.1), 0) -> 0 | AI61: =IF(G61 > 0, IF(AI60 > 0, AI60 + 1, 0.1), 0) -> 0 | AJ61: =IF(H61 > 0, IF(AJ60 > 0, AJ60 + 1, 0.1), 0) -> 0 | AK61: =IF(I61 > 0, IF(AK60 > 0, AK60 + 1, 0.1), 0) -> 0 | ... AT61: =IF(R61 > 0, IF(AT60 > 0, AT60 + 1, 0.1), 0) -> 0 | AU61: =IF(S61 > 0, IF(AU53> 0, AU53+ 1, 0.1), 0) -> 0 | AV61: =IF(T61 > 0, IF(AV60 > 0, AV60 + 1, 0.1), 0) -> 0 | AW61: =IF(U61 > 0, IF(AW60 > 0, AW60 + 1, 0.1), 0) -> 0 | AY61: =SUM($B$61:B61) -> 0 | AZ61: =SUM($B$61:C61) -> 0 | BA61: =SUM($B$61:D61) -> 0 | BB61: =SUM($B$61:E61) -> 0 | BC61: =SUM($B$61:F61) -> 0 | BD61: =SUM($B$61:G61) -> 0 | BE61: =SUM($B$61:H61) -> 0 | BF61: =SUM($B$61:I61) -> 0 | ... BJ61: =SUM($B$61:M61) -> 0 | BK61: =SUM($B$61:Q61) -> 0 | BL61: =SUM($B$61:N61) -> 0 | BM61: =SUM($B$61:O61) -> 0 | BN61: =SUM($B$61:P61) -> 0 | BO61: =SUM($B$61:R61) -> 0 | BP61: =SUM($B$61:S61) -> 0 | BQ61: =SUM($B$61:T61) -> 0 | BR61: =SUM($B$61:V61) -> 0 | BS61: =SUM($BR$60:BR61) -> 0 | BT61: =BR61+X61 -> 0 | BU61: =SUM($BT$60:BT61) -> 0
A62: Wed | W62: =SUM(B62:V62) -> 0 | X62: =SUM(AD62:AW62)*0.1 -> 0 | Y62: =W62+X62 -> 0 | AB62: =AB48+W62 -> 0 | AC62: Wed | AD62: =IF(B62 > 0, IF(AD61 > 0, AD61 + 1, 0.1), 0) -> 0 | AE62: =IF(C62 > 0, IF(AE61 > 0, AE61 + 1, 0.1), 0) -> 0 | AF62: =IF(D62 > 0, IF(AF61 > 0, AF61 + 1, 0.1), 0) -> 0 | AG62: =IF(E62 > 0, IF(AG61 > 0, AG61 + 1, 0.1), 0) -> 0 | AH62: =IF(F62 > 0, IF(AH61 > 0, AH61 + 1, 0.1), 0) -> 0 | AI62: =IF(G62 > 0, IF(AI61 > 0, AI61 + 1, 0.1), 0) -> 0 | AJ62: =IF(H62 > 0, IF(AJ61 > 0, AJ61 + 1, 0.1), 0) -> 0 | AK62: =IF(I62 > 0, IF(AK61 > 0, AK61 + 1, 0.1), 0) -> 0 | ... AT62: =IF(R62 > 0, IF(AT61 > 0, AT61 + 1, 0.1), 0) -> 0 | AU62: =IF(S62 > 0, IF(AU54> 0, AU54+ 1, 0.1), 0) -> 0 | AV62: =IF(T62 > 0, IF(AV61 > 0, AV61 + 1, 0.1), 0) -> 0 | AW62: =IF(U62 > 0, IF(AW61 > 0, AW61 + 1, 0.1), 0) -> 0 | AY62: =+SUM($B$62:B62) -> 0 | AZ62: =+SUM($B$62:C62) -> 0 | BA62: =+SUM($B$62:D62) -> 0 | BB62: =+SUM($B$62:E62) -> 0 | BC62: =+SUM($B$62:F62) -> 0 | BD62: =+SUM($B$62:G62) -> 0 | BE62: =+SUM($B$62:H62) -> 0 | BF62: =+SUM($B$62:I62) -> 0 | ... BJ62: =+SUM($B$62:M62) -> 0 | BK62: =+SUM($B$62:Q62) -> 0 | BL62: =+SUM($B$62:N62) -> 0 | BM62: =+SUM($B$62:O62) -> 0 | BN62: =+SUM($B$62:P62) -> 0 | BO62: =+SUM($B$62:R62) -> 0 | BP62: =+SUM($B$62:S62) -> 0 | BQ62: =+SUM($B$62:T62) -> 0 | BR62: =+SUM($B$62:V62) -> 0 | BS62: =SUM($BR$60:BR62) -> 0 | BT62: =BR62+X62 -> 0 | BU62: =SUM($BT$60:BT62) -> 0
A63: Thu | W63: =SUM(B63:V63) -> 0 | X63: =SUM(AD63:AW63)*0.1 -> 0 | Y63: =W63+X63 -> 0 | AB63: =AB49+W63 -> 0 | AC63: Thu | AD63: =IF(B63 > 0, IF(AD62 > 0, AD62 + 1, 0.1), 0) -> 0 | AE63: =IF(C63 > 0, IF(AE62 > 0, AE62 + 1, 0.1), 0) -> 0 | AF63: =IF(D63 > 0, IF(AF62 > 0, AF62 + 1, 0.1), 0) -> 0 | AG63: =IF(E63 > 0, IF(AG62 > 0, AG62 + 1, 0.1), 0) -> 0 | AH63: =IF(F63 > 0, IF(AH62 > 0, AH62 + 1, 0.1), 0) -> 0 | AI63: =IF(G63 > 0, IF(AI62 > 0, AI62 + 1, 0.1), 0) -> 0 | AJ63: =IF(H63 > 0, IF(AJ62 > 0, AJ62 + 1, 0.1), 0) -> 0 | AK63: =IF(I63 > 0, IF(AK62 > 0, AK62 + 1, 0.1), 0) -> 0 | ... AT63: =IF(R63 > 0, IF(AT62 > 0, AT62 + 1, 0.1), 0) -> 0 | AU63: =IF(S63 > 0, IF(AU55> 0, AU55+ 1, 0.1), 0) -> 0 | AV63: =IF(T63 > 0, IF(AV62 > 0, AV62 + 1, 0.1), 0) -> 0 | AW63: =IF(U63 > 0, IF(AW62 > 0, AW62 + 1, 0.1), 0) -> 0 | AY63: =SUM($B$63:B63) -> 0 | AZ63: =SUM($B$63:C63) -> 0 | BA63: =SUM($B$63:D63) -> 0 | BB63: =SUM($B$63:E63) -> 0 | BC63: =SUM($B$63:F63) -> 0 | BD63: =SUM($B$63:G63) -> 0 | BE63: =SUM($B$63:H63) -> 0 | BF63: =SUM($B$63:I63) -> 0 | ... BJ63: =SUM($B$63:M63) -> 0 | BK63: =SUM($B$63:Q63) -> 0 | BL63: =SUM($B$63:N63) -> 0 | BM63: =SUM($B$63:O63) -> 0 | BN63: =SUM($B$63:P63) -> 0 | BO63: =SUM($B$63:R63) -> 0 | BP63: =SUM($B$63:S63) -> 0 | BQ63: =SUM($B$63:T63) -> 0 | BR63: =SUM($B$63:V63) -> 0 | BS63: =SUM($BR$60:BR63) -> 0 | BT63: =BR63+X63 -> 0 | BU63: =SUM($BT$60:BT63) -> 0
A64: Fri | W64: =SUM(B64:V64) -> 0 | X64: =SUM(AD64:AW64)*0.1 -> 0 | Y64: =W64+X64 -> 0 | AB64: =AB50+W64 -> 0 | AC64: Fri | AD64: =IF(B64 > 0, IF(AD63 > 0, AD63 + 1, 0.1), 0) -> 0 | AE64: =IF(C64 > 0, IF(AE63 > 0, AE63 + 1, 0.1), 0) -> 0 | AF64: =IF(D64 > 0, IF(AF63 > 0, AF63 + 1, 0.1), 0) -> 0 | AG64: =IF(E64 > 0, IF(AG63 > 0, AG63 + 1, 0.1), 0) -> 0 | AH64: =IF(F64 > 0, IF(AH63 > 0, AH63 + 1, 0.1), 0) -> 0 | AI64: =IF(G64 > 0, IF(AI63 > 0, AI63 + 1, 0.1), 0) -> 0 | AJ64: =IF(H64 > 0, IF(AJ63 > 0, AJ63 + 1, 0.1), 0) -> 0 | AK64: =IF(I64 > 0, IF(AK63 > 0, AK63 + 1, 0.1), 0) -> 0 | ... AT64: =IF(R64 > 0, IF(AT63 > 0, AT63 + 1, 0.1), 0) -> 0 | AU64: =IF(S64 > 0, IF(AU56> 0, AU56+ 1, 0.1), 0) -> 0 | AV64: =IF(T64 > 0, IF(AV63 > 0, AV63 + 1, 0.1), 0) -> 0 | AW64: =IF(U64 > 0, IF(AW63 > 0, AW63 + 1, 0.1), 0) -> 0 | AY64: =SUM($B$64:B64) -> 0 | AZ64: =SUM($B$64:C64) -> 0 | BA64: =SUM($B$64:D64) -> 0 | BB64: =SUM($B$64:E64) -> 0 | BC64: =SUM($B$64:F64) -> 0 | BD64: =SUM($B$64:G64) -> 0 | BE64: =SUM($B$64:H64) -> 0 | BF64: =SUM($B$64:I64) -> 0 | ... BJ64: =SUM($B$64:M64) -> 0 | BK64: =SUM($B$64:Q64) -> 0 | BL64: =SUM($B$64:N64) -> 0 | BM64: =SUM($B$64:O64) -> 0 | BN64: =SUM($B$64:P64) -> 0 | BO64: =SUM($B$64:R64) -> 0 | BP64: =SUM($B$64:S64) -> 0 | BQ64: =SUM($B$64:T64) -> 0 | BR64: =SUM($B$64:V64) -> 0 | BS64: =SUM($BR$60:BR64) -> 0 | BT64: =BR64+X64 -> 0 | BU64: =SUM($BT$60:BT64) -> 0
A65: Sat | W65: =SUM(B65:V65) -> 0 | X65: =SUM(AD65:AW65)*0.1 -> 0 | Y65: =W65+X65 -> 0 | AB65: =AB51+W65 -> 0 | AC65: Sat | AD65: =IF(B65 > 0, IF(AD64 > 0, AD64 + 1, 0.1), 0) -> 0 | AE65: =IF(C65 > 0, IF(AE64 > 0, AE64 + 1, 0.1), 0) -> 0 | AF65: =IF(D65 > 0, IF(AF64 > 0, AF64 + 1, 0.1), 0) -> 0 | AG65: =IF(E65 > 0, IF(AG64 > 0, AG64 + 1, 0.1), 0) -> 0 | AH65: =IF(F65 > 0, IF(AH64 > 0, AH64 + 1, 0.1), 0) -> 0 | AI65: =IF(G65 > 0, IF(AI64 > 0, AI64 + 1, 0.1), 0) -> 0 | AJ65: =IF(H65 > 0, IF(AJ64 > 0, AJ64 + 1, 0.1), 0) -> 0 | AK65: =IF(I65 > 0, IF(AK64 > 0, AK64 + 1, 0.1), 0) -> 0 | ... AT65: =IF(R65 > 0, IF(AT64 > 0, AT64 + 1, 0.1), 0) -> 0 | AU65: =IF(S65 > 0, IF(AU57> 0, AU57+ 1, 0.1), 0) -> 0 | AV65: =IF(T65 > 0, IF(AV64 > 0, AV64 + 1, 0.1), 0) -> 0 | AW65: =IF(U65 > 0, IF(AW64 > 0, AW64 + 1, 0.1), 0) -> 0 | AY65: =SUM($B$65:B65) -> 0 | AZ65: =SUM($B$65:C65) -> 0 | BA65: =SUM($B$65:D65) -> 0 | BB65: =SUM($B$65:E65) -> 0 | BC65: =SUM($B$65:F65) -> 0 | BD65: =SUM($B$65:G65) -> 0 | BE65: =SUM($B$65:H65) -> 0 | BF65: =SUM($B$65:I65) -> 0 | ... BJ65: =SUM($B$65:M65) -> 0 | BK65: =SUM($B$65:Q65) -> 0 | BL65: =SUM($B$65:N65) -> 0 | BM65: =SUM($B$65:O65) -> 0 | BN65: =SUM($B$65:P65) -> 0 | BO65: =SUM($B$65:R65) -> 0 | BP65: =SUM($B$65:S65) -> 0 | BQ65: =SUM($B$65:T65) -> 0 | BR65: =SUM($B$65:V65) -> 0 | BS65: =SUM($BR$60:BR65) -> 0 | BT65: =BR65+X65 -> 0 | BU65: =SUM($BT$60:BT65) -> 0
A66: Sun | W66: =SUM(B66:V66) -> 0 | X66: =SUM(AD66:AW66)*0.1 -> 0 | Y66: =W66+X66 -> 0 | AB66: =AB52+W66 -> 0 | AC66: Sun | AD66: =IF(B66 > 0, IF(AD65 > 0, AD65 + 1, 0.1), 0) -> 0 | AE66: =IF(C66 > 0, IF(AE65 > 0, AE65 + 1, 0.1), 0) -> 0 | AF66: =IF(D66 > 0, IF(AF65 > 0, AF65 + 1, 0.1), 0) -> 0 | AG66: =IF(E66 > 0, IF(AG65 > 0, AG65 + 1, 0.1), 0) -> 0 | AH66: =IF(F66 > 0, IF(AH65 > 0, AH65 + 1, 0.1), 0) -> 0 | AI66: =IF(G66 > 0, IF(AI65 > 0, AI65 + 1, 0.1), 0) -> 0 | AJ66: =IF(H66 > 0, IF(AJ65 > 0, AJ65 + 1, 0.1), 0) -> 0 | AK66: =IF(I66 > 0, IF(AK65 > 0, AK65 + 1, 0.1), 0) -> 0 | ... AT66: =IF(R66 > 0, IF(AT65 > 0, AT65 + 1, 0.1), 0) -> 0 | AU66: =IF(S66 > 0, IF(AU58> 0, AU58+ 1, 0.1), 0) -> 0 | AV66: =IF(T66 > 0, IF(AV65 > 0, AV65 + 1, 0.1), 0) -> 0 | AW66: =IF(U66 > 0, IF(AW65 > 0, AW65 + 1, 0.1), 0) -> 0 | AY66: =SUM($B$66:B66) -> 0 | AZ66: =SUM($B$66:C66) -> 0 | BA66: =SUM($B$66:D66) -> 0 | BB66: =SUM($B$66:E66) -> 0 | BC66: =SUM($B$66:F66) -> 0 | BD66: =SUM($B$66:G66) -> 0 | BE66: =SUM($B$66:H66) -> 0 | BF66: =SUM($B$66:I66) -> 0 | ... BJ66: =SUM($B$66:M66) -> 0 | BK66: =SUM($B$66:Q66) -> 0 | BL66: =SUM($B$66:N66) -> 0 | BM66: =SUM($B$66:O66) -> 0 | BN66: =SUM($B$66:P66) -> 0 | BO66: =SUM($B$66:R66) -> 0 | BP66: =SUM($B$66:S66) -> 0 | BQ66: =SUM($B$66:T66) -> 0 | BR66: =SUM($B$66:V66) -> 0 | BS66: =SUM($BR$60:BR66) -> 0 | BT66: =BR66+X66 -> 0 | BU66: =SUM($BT$60:BT66) -> 0
A67: Total ind | B67: =SUM(B60:B66) -> 0 | C67: =SUM(C60:C66) -> 0 | D67: =SUM(D60:D66) -> 0 | E67: =SUM(E60:E66) -> 0 | F67: =SUM(F60:F66) -> 0 | G67: =SUM(G60:G66) -> 0 | H67: =SUM(H60:H66) -> 0 | I67: =SUM(I60:I66) -> 0 | ... W67: =SUM(W60:W66) -> 0 | Z67: How's your week?:
A68: Ratio | B68: =B67-B53 -> 0 | C68: =C67-C53 -> 0 | D68: =D67-D53 -> 0 | E68: =E67-E53 -> 0 | F68: =F67-F53 -> 0 | G68: =G67-G53 -> 0 | H68: =H67-H53 -> 0 | I68: =I67-I53 -> 0 | ... V68: =V67-V53 -> 0 | W68: =SUM(B68:V68) -> 0
A69: Streaks | B69: {=IF(COUNTIF(AD59:AD65,0)=0, LOOKUP(2,1/(AD59:AD65<>""),AD59:AD65), MATCH(0,INDEX(AD59:AD65,MAX(ROW(AD59:AD65))-ROW(AD59:AD65)+1),0)-1 )} -> 0 | C69: {=IF(COUNTIF(AE59:AE65,0)=0, LOOKUP(2,1/(AE59:AE65<>""),AE59:AE65), MATCH(0,INDEX(AE59:AE65,MAX(ROW(AE59:AE65))-ROW(AE59:AE65)+1),0)-1 )} -> 0 | D69: {=IF(COUNTIF(AF59:AF65,0)=0, LOOKUP(2,1/(AF59:AF65<>""),AF59:AF65), MATCH(0,INDEX(AF59:AF65,MAX(ROW(AF59:AF65))-ROW(AF59:AF65)+1),0)-1 )} -> 0 | E69: {=IF(COUNTIF(AG59:AG65,0)=0, LOOKUP(2,1/(AG59:AG65<>""),AG59:AG65), MATCH(0,INDEX(AG59:AG65,MAX(ROW(AG59:AG65))-ROW(AG59:AG65)+1),0)-1 )} -> 0 | F69: {=IF(COUNTIF(AH59:AH65,0)=0, LOOKUP(2,1/(AH59:AH65<>""),AH59:AH65), MATCH(0,INDEX(AH59:AH65,MAX(ROW(AH59:AH65))-ROW(AH59:AH65)+1),0)-1 )} -> 0 | G69: {=IF(COUNTIF(AI59:AI65,0)=0, LOOKUP(2,1/(AI59:AI65<>""),AI59:AI65), MATCH(0,INDEX(AI59:AI65,MAX(ROW(AI59:AI65))-ROW(AI59:AI65)+1),0)-1 )} -> 0 | H69: {=IF(COUNTIF(AJ59:AJ65,0)=0, LOOKUP(2,1/(AJ59:AJ65<>""),AJ59:AJ65), MATCH(0,INDEX(AJ59:AJ65,MAX(ROW(AJ59:AJ65))-ROW(AJ59:AJ65)+1),0)-1 )} -> 0 | I69: {=IF(COUNTIF(AK59:AK65,0)=0, LOOKUP(2,1/(AK59:AK65<>""),AK59:AK65), MATCH(0,INDEX(AK59:AK65,MAX(ROW(AK59:AK65))-ROW(AK59:AK65)+1),0)-1 )} -> 0 | ... U69: {=IF(COUNTIF(AW59:AW65,0)=0, LOOKUP(2,1/(AW59:AW65<>""),AW59:AW65), MATCH(0,INDEX(AW59:AW65,MAX(ROW(AW59:AW65))-ROW(AW59:AW65)+1),0)-1 )} -> 0 | V69: {=IF(COUNTIF(Y59:Y65,0)=0, LOOKUP(2,1/(Y59:Y65<>""),Y59:Y65), MATCH(0,INDEX(Y59:Y65,MAX(ROW(Y59:Y65))-ROW(Y59:Y65)+1),0)-1 )} -> 0
A70: Cumulative | B70: =B67+B56 -> 2 | C70: =C67+C56 -> 0 | D70: =D67+D56 -> 5 | E70: =E67+E56 -> 9 | F70: =F67+F56 -> 4 | G70: =G67+G56 -> 0 | H70: =H67+H56 -> 0 | I70: =I67+I56 -> 3 | ... V70: =V67+V56 -> 2 | W70: =SUM(W56,W67) -> 36.25 | Y70: =SUM(Y60:Y66) -> 0
A71: Consistency | B71: =(COUNTIF(B4:B10, ">0")+COUNTIF(B18:B24, ">0")+COUNTIF(B32:B38, ">0")+COUNTIF(B46:B52, ">0") + COUNTIF(B60:B66, ">0")) / 35 -> 0.028571429 | C71: =(COUNTIF(C4:C10, ">0")+COUNTIF(C18:C24, ">0")+COUNTIF(C32:C38, ">0")+COUNTIF(C46:C52, ">0") + COUNTIF(C60:C66, ">0")) / 35 -> 0 | D71: =(COUNTIF(D4:D10, ">0")+COUNTIF(D18:D24, ">0")+COUNTIF(D32:D38, ">0")+COUNTIF(D46:D52, ">0") + COUNTIF(D60:D66, ">0")) / 35 -> 0.028571429 | E71: =(COUNTIF(E4:E10, ">0")+COUNTIF(E18:E24, ">0")+COUNTIF(E32:E38, ">0")+COUNTIF(E46:E52, ">0") + COUNTIF(E60:E66, ">0")) / 35 -> 0.028571429 | F71: =(COUNTIF(F4:F10, ">0")+COUNTIF(F18:F24, ">0")+COUNTIF(F32:F38, ">0")+COUNTIF(F46:F52, ">0") + COUNTIF(F60:F66, ">0")) / 35 -> 0.028571429 | G71: =(COUNTIF(G4:G10, ">0")+COUNTIF(G18:G24, ">0")+COUNTIF(G32:G38, ">0")+COUNTIF(G46:G52, ">0") + COUNTIF(G60:G66, ">0")) / 35 -> 0 | H71: =(COUNTIF(H4:H10, ">0")+COUNTIF(H18:H24, ">0")+COUNTIF(H32:H38, ">0")+COUNTIF(H46:H52, ">0") + COUNTIF(H60:H66, ">0")) / 35 -> 0 | I71: =(COUNTIF(I4:I10, ">0")+COUNTIF(I18:I24, ">0")+COUNTIF(I32:I38, ">0")+COUNTIF(I46:I52, ">0") + COUNTIF(I60:I66, ">0")) / 35 -> 0.028571429 | ... O71: =(COUNTIF(O4:O10, ">0")+COUNTIF(O18:O24, ">0")+COUNTIF(O32:O38, ">0")+COUNTIF(O46:O52, ">0") + COUNTIF(O60:O66, ">0")) / 35 -> 0.028571429 | U71: negpos | V71: =SUMIF(B67:V67,"<0",B67:V67) -> 0 | W71: =SUMIF(B67:V67,">0",B67:V67) -> 0
AY72: w6
A73: week 6 | B73: =C59+1 -> 46062 | C73: =B73+6 -> 46068 | AC73: W6 | AY73: @ 6am | AZ73: Bootup | BA73: Study | BB73: Gym | BC73: Work | BD73: Overtime | BE73: Cooking | BF73: D &H | BG73: Art | BH73: Chess | BI73: P & I | BJ73: Cleanliness | BK73: Hygeine | BL73: Resist | BM73: Binge | BN73: Help | BO73: Journal | BP73: Vibe | BQ73: by 11pm | BR73: Bonus/penalties | BS73: 0 | BU73: 0
A74: Mon | W74: =SUM(B74:V74) -> 0 | X74: =SUM(AD74:AW74)*0.1 -> 0 | Y74: =W74+X74 -> 0 | AB74: =AB60+W74 -> 36.25 | AC74: Mon | AD74: =IF(B74 > 0, IF(AD66> 0, AD66+ 1, 0.1), 0) -> 0 | AE74: =IF(C74 > 0, IF(AE66> 0, AE66+ 1, 0.1), 0) -> 0 | AF74: =IF(D74 > 0, IF(AF66> 0, AF66+ 1, 0.1), 0) -> 0 | AG74: =IF(E74 > 0, IF(AG66> 0, AG66+ 1, 0.1), 0) -> 0 | AH74: =IF(F74 > 0, IF(AH66> 0, AH66+ 1, 0.1), 0) -> 0 | AI74: =IF(G74 > 0, IF(AI66> 0, AI66+ 1, 0.1), 0) -> 0 | AJ74: =IF(H74 > 0, IF(AJ66> 0, AJ66+ 1, 0.1), 0) -> 0 | AK74: =IF(I74 > 0, IF(AK66> 0, AK66+ 1, 0.1), 0) -> 0 | ... AW74: =IF(U74 > 0, IF(AW66> 0, AW66+ 1, 0.1), 0) -> 0 | AY74: =SUM($B$74:B74) -> 0 | AZ74: =SUM($B$74:C74) -> 0 | BA74: =SUM($B$74:D74) -> 0 | BB74: =SUM($B$74:E74) -> 0 | BC74: =SUM($B$74:F74) -> 0 | BD74: =SUM($B$74:G74) -> 0 | BE74: =SUM($B$74:H74) -> 0 | BF74: =SUM($B$74:I74) -> 0 | ... BJ74: =SUM($B$74:M74) -> 0 | BK74: =SUM($B$74:Q74) -> 0 | BL74: =SUM($B$74:N74) -> 0 | BM74: =SUM($B$74:O74) -> 0 | BN74: =SUM($B$74:P74) -> 0 | BO74: =SUM($B$74:R74) -> 0 | BP74: =SUM($B$74:S74) -> 0 | BQ74: =SUM($B$74:T74) -> 0 | BR74: =SUM($B$74:V74) -> 0 | BS74: =SUM($BR$74:BR74) -> 0 | BT74: =BR74+X74 -> 0 | BU74: =SUM($BT$74:BT74) -> 0
A75: Tue | W75: =SUM(B75:V75) -> 0 | X75: =SUM(AD75:AW75)*0.1 -> 0 | Y75: =W75+X75 -> 0 | AB75: =AB61+W75 -> 0 | AC75: Tue | AD75: =IF(B75 > 0, IF(AD74 > 0, AD74 + 1, 0.1), 0) -> 0 | AE75: =IF(C75 > 0, IF(AE74 > 0, AE74 + 1, 0.1), 0) -> 0 | AF75: =IF(D75 > 0, IF(AF74 > 0, AF74 + 1, 0.1), 0) -> 0 | AG75: =IF(E75 > 0, IF(AG74 > 0, AG74 + 1, 0.1), 0) -> 0 | AH75: =IF(F75 > 0, IF(AH74 > 0, AH74 + 1, 0.1), 0) -> 0 | AI75: =IF(G75 > 0, IF(AI74 > 0, AI74 + 1, 0.1), 0) -> 0 | AJ75: =IF(H75 > 0, IF(AJ74 > 0, AJ74 + 1, 0.1), 0) -> 0 | AK75: =IF(I75 > 0, IF(AK74 > 0, AK74 + 1, 0.1), 0) -> 0 | ... AT75: =IF(R75 > 0, IF(AT74 > 0, AT74 + 1, 0.1), 0) -> 0 | AU75: =IF(S75 > 0, IF(AU67> 0, AU67+ 1, 0.1), 0) -> 0 | AV75: =IF(T75 > 0, IF(AV74 > 0, AV74 + 1, 0.1), 0) -> 0 | AW75: =IF(U75 > 0, IF(AW74 > 0, AW74 + 1, 0.1), 0) -> 0 | AY75: =SUM($B$75:B75) -> 0 | AZ75: =SUM($B$75:C75) -> 0 | BA75: =SUM($B$75:D75) -> 0 | BB75: =SUM($B$75:E75) -> 0 | BC75: =SUM($B$75:F75) -> 0 | BD75: =SUM($B$75:G75) -> 0 | BE75: =SUM($B$75:H75) -> 0 | BF75: =SUM($B$75:I75) -> 0 | ... BJ75: =SUM($B$75:M75) -> 0 | BK75: =SUM($B$75:Q75) -> 0 | BL75: =SUM($B$75:N75) -> 0 | BM75: =SUM($B$75:O75) -> 0 | BN75: =SUM($B$75:P75) -> 0 | BO75: =SUM($B$75:R75) -> 0 | BP75: =SUM($B$75:S75) -> 0 | BQ75: =SUM($B$75:T75) -> 0 | BR75: =SUM($B$75:V75) -> 0 | BS75: =SUM($BR$74:BR75) -> 0 | BT75: =BR75+X75 -> 0 | BU75: =SUM($BT$74:BT75) -> 0
A76: Wed | W76: =SUM(B76:V76) -> 0 | X76: =SUM(AD76:AW76)*0.1 -> 0 | Y76: =W76+X76 -> 0 | AB76: =AB62+W76 -> 0 | AC76: Wed | AD76: =IF(B76 > 0, IF(AD75 > 0, AD75 + 1, 0.1), 0) -> 0 | AE76: =IF(C76 > 0, IF(AE75 > 0, AE75 + 1, 0.1), 0) -> 0 | AF76: =IF(D76 > 0, IF(AF75 > 0, AF75 + 1, 0.1), 0) -> 0 | AG76: =IF(E76 > 0, IF(AG75 > 0, AG75 + 1, 0.1), 0) -> 0 | AH76: =IF(F76 > 0, IF(AH75 > 0, AH75 + 1, 0.1), 0) -> 0 | AI76: =IF(G76 > 0, IF(AI75 > 0, AI75 + 1, 0.1), 0) -> 0 | AJ76: =IF(H76 > 0, IF(AJ75 > 0, AJ75 + 1, 0.1), 0) -> 0 | AK76: =IF(I76 > 0, IF(AK75 > 0, AK75 + 1, 0.1), 0) -> 0 | ... AT76: =IF(R76 > 0, IF(AT75 > 0, AT75 + 1, 0.1), 0) -> 0 | AU76: =IF(S76 > 0, IF(AU68> 0, AU68+ 1, 0.1), 0) -> 0 | AV76: =IF(T76 > 0, IF(AV75 > 0, AV75 + 1, 0.1), 0) -> 0 | AW76: =IF(U76 > 0, IF(AW75 > 0, AW75 + 1, 0.1), 0) -> 0 | AY76: =SUM($B$76:B76) -> 0 | AZ76: =SUM($B$76:C76) -> 0 | BA76: =SUM($B$76:D76) -> 0 | BB76: =SUM($B$76:E76) -> 0 | BC76: =SUM($B$76:F76) -> 0 | BD76: =SUM($B$76:G76) -> 0 | BE76: =SUM($B$76:H76) -> 0 | BF76: =SUM($B$76:I76) -> 0 | ... BJ76: =SUM($B$76:M76) -> 0 | BK76: =SUM($B$76:Q76) -> 0 | BL76: =SUM($B$76:N76) -> 0 | BM76: =SUM($B$76:O76) -> 0 | BN76: =SUM($B$76:P76) -> 0 | BO76: =SUM($B$76:R76) -> 0 | BP76: =SUM($B$76:S76) -> 0 | BQ76: =SUM($B$76:T76) -> 0 | BR76: =SUM($B$76:V76) -> 0 | BS76: =SUM($BR$74:BR76) -> 0 | BT76: =BR76+X76 -> 0 | BU76: =SUM($BT$74:BT76) -> 0
A77: Thu | W77: =SUM(B77:V77) -> 0 | X77: =SUM(AD77:AW77)*0.1 -> 0 | Y77: =W77+X77 -> 0 | AB77: =AB63+W77 -> 0 | AC77: Thu | AD77: =IF(B77 > 0, IF(AD76 > 0, AD76 + 1, 0.1), 0) -> 0 | AE77: =IF(C77 > 0, IF(AE76 > 0, AE76 + 1, 0.1), 0) -> 0 | AF77: =IF(D77 > 0, IF(AF76 > 0, AF76 + 1, 0.1), 0) -> 0 | AG77: =IF(E77 > 0, IF(AG76 > 0, AG76 + 1, 0.1), 0) -> 0 | AH77: =IF(F77 > 0, IF(AH76 > 0, AH76 + 1, 0.1), 0) -> 0 | AI77: =IF(G77 > 0, IF(AI76 > 0, AI76 + 1, 0.1), 0) -> 0 | AJ77: =IF(H77 > 0, IF(AJ76 > 0, AJ76 + 1, 0.1), 0) -> 0 | AK77: =IF(I77 > 0, IF(AK76 > 0, AK76 + 1, 0.1), 0) -> 0 | ... AT77: =IF(R77 > 0, IF(AT76 > 0, AT76 + 1, 0.1), 0) -> 0 | AU77: =IF(S77 > 0, IF(AU69> 0, AU69+ 1, 0.1), 0) -> 0 | AV77: =IF(T77 > 0, IF(AV76 > 0, AV76 + 1, 0.1), 0) -> 0 | AW77: =IF(U77 > 0, IF(AW76 > 0, AW76 + 1, 0.1), 0) -> 0 | AY77: =SUM($B$77:B77) -> 0 | AZ77: =SUM($B$77:C77) -> 0 | BA77: =SUM($B$77:D77) -> 0 | BB77: =SUM($B$77:E77) -> 0 | BC77: =SUM($B$77:F77) -> 0 | BD77: =SUM($B$77:G77) -> 0 | BE77: =SUM($B$77:H77) -> 0 | BF77: =SUM($B$77:I77) -> 0 | ... BJ77: =SUM($B$77:M77) -> 0 | BK77: =SUM($B$77:Q77) -> 0 | BL77: =SUM($B$77:N77) -> 0 | BM77: =SUM($B$77:O77) -> 0 | BN77: =SUM($B$77:P77) -> 0 | BO77: =SUM($B$77:R77) -> 0 | BP77: =SUM($B$77:S77) -> 0 | BQ77: =SUM($B$77:T77) -> 0 | BR77: =SUM($B$77:V77) -> 0 | BS77: =SUM($BR$74:BR77) -> 0 | BT77: =BR77+X77 -> 0 | BU77: =SUM($BT$74:BT77) -> 0
A78: Fri | W78: =SUM(B78:V78) -> 0 | X78: =SUM(AD78:AW78)*0.1 -> 0 | Y78: =W78+X78 -> 0 | AB78: =AB64+W78 -> 0 | AC78: Fri | AD78: =IF(B78 > 0, IF(AD77 > 0, AD77 + 1, 0.1), 0) -> 0 | AE78: =IF(C78 > 0, IF(AE77 > 0, AE77 + 1, 0.1), 0) -> 0 | AF78: =IF(D78 > 0, IF(AF77 > 0, AF77 + 1, 0.1), 0) -> 0 | AG78: =IF(E78 > 0, IF(AG77 > 0, AG77 + 1, 0.1), 0) -> 0 | AH78: =IF(F78 > 0, IF(AH77 > 0, AH77 + 1, 0.1), 0) -> 0 | AI78: =IF(G78 > 0, IF(AI77 > 0, AI77 + 1, 0.1), 0) -> 0 | AJ78: =IF(H78 > 0, IF(AJ77 > 0, AJ77 + 1, 0.1), 0) -> 0 | AK78: =IF(I78 > 0, IF(AK77 > 0, AK77 + 1, 0.1), 0) -> 0 | ... AT78: =IF(R78 > 0, IF(AT77 > 0, AT77 + 1, 0.1), 0) -> 0 | AU78: =IF(S78 > 0, IF(AU70> 0, AU70+ 1, 0.1), 0) -> 0 | AV78: =IF(T78 > 0, IF(AV77 > 0, AV77 + 1, 0.1), 0) -> 0 | AW78: =IF(U78 > 0, IF(AW77 > 0, AW77 + 1, 0.1), 0) -> 0 | AY78: =SUM($B$78:B78) -> 0 | AZ78: =SUM($B$78:C78) -> 0 | BA78: =SUM($B$78:D78) -> 0 | BB78: =SUM($B$78:E78) -> 0 | BC78: =SUM($B$78:F78) -> 0 | BD78: =SUM($B$78:G78) -> 0 | BE78: =SUM($B$78:H78) -> 0 | BF78: =SUM($B$78:I78) -> 0 | ... BJ78: =SUM($B$78:M78) -> 0 | BK78: =SUM($B$78:Q78) -> 0 | BL78: =SUM($B$78:N78) -> 0 | BM78: =SUM($B$78:O78) -> 0 | BN78: =SUM($B$78:P78) -> 0 | BO78: =SUM($B$78:R78) -> 0 | BP78: =SUM($B$78:S78) -> 0 | BQ78: =SUM($B$78:T78) -> 0 | BR78: =SUM($B$78:V78) -> 0 | BS78: =SUM($BR$74:BR78) -> 0 | BT78: =BR78+X78 -> 0 | BU78: =SUM($BT$74:BT78) -> 0
A79: Sat | W79: =SUM(B79:V79) -> 0 | X79: =SUM(AD79:AW79)*0.1 -> 0 | Y79: =W79+X79 -> 0 | AB79: =AB65+W79 -> 0 | AC79: Sat | AD79: =IF(B79 > 0, IF(AD78 > 0, AD78 + 1, 0.1), 0) -> 0 | AE79: =IF(C79 > 0, IF(AE78 > 0, AE78 + 1, 0.1), 0) -> 0 | AF79: =IF(D79 > 0, IF(AF78 > 0, AF78 + 1, 0.1), 0) -> 0 | AG79: =IF(E79 > 0, IF(AG78 > 0, AG78 + 1, 0.1), 0) -> 0 | AH79: =IF(F79 > 0, IF(AH78 > 0, AH78 + 1, 0.1), 0) -> 0 | AI79: =IF(G79 > 0, IF(AI78 > 0, AI78 + 1, 0.1), 0) -> 0 | AJ79: =IF(H79 > 0, IF(AJ78 > 0, AJ78 + 1, 0.1), 0) -> 0 | AK79: =IF(I79 > 0, IF(AK78 > 0, AK78 + 1, 0.1), 0) -> 0 | ... AT79: =IF(R79 > 0, IF(AT78 > 0, AT78 + 1, 0.1), 0) -> 0 | AU79: =IF(S79 > 0, IF(AU71> 0, AU71+ 1, 0.1), 0) -> 0 | AV79: =IF(T79 > 0, IF(AV78 > 0, AV78 + 1, 0.1), 0) -> 0 | AW79: =IF(U79 > 0, IF(AW78 > 0, AW78 + 1, 0.1), 0) -> 0 | AY79: =SUM($B$79:B79) -> 0 | AZ79: =SUM($B$79:C79) -> 0 | BA79: =SUM($B$79:D79) -> 0 | BB79: =SUM($B$79:E79) -> 0 | BC79: =SUM($B$79:F79) -> 0 | BD79: =SUM($B$79:G79) -> 0 | BE79: =SUM($B$79:H79) -> 0 | BF79: =SUM($B$79:I79) -> 0 | ... BJ79: =SUM($B$79:M79) -> 0 | BK79: =SUM($B$79:Q79) -> 0 | BL79: =SUM($B$79:N79) -> 0 | BM79: =SUM($B$79:O79) -> 0 | BN79: =SUM($B$79:P79) -> 0 | BO79: =SUM($B$79:R79) -> 0 | BP79: =SUM($B$79:S79) -> 0 | BQ79: =SUM($B$79:T79) -> 0 | BR79: =SUM($B$79:V79) -> 0 | BS79: =SUM($BR$74:BR79) -> 0 | BT79: =BR79+X79 -> 0 | BU79: =SUM($BT$74:BT79) -> 0
A80: Sun | W80: =SUM(B80:V80) -> 0 | X80: =SUM(AD80:AW80)*0.1 -> 0 | Y80: =W80+X80 -> 0 | AB80: =AB66+W80 -> 0 | AC80: Sun | AD80: =IF(B80 > 0, IF(AD79 > 0, AD79 + 1, 0.1), 0) -> 0 | AE80: =IF(C80 > 0, IF(AE79 > 0, AE79 + 1, 0.1), 0) -> 0 | AF80: =IF(D80 > 0, IF(AF79 > 0, AF79 + 1, 0.1), 0) -> 0 | AG80: =IF(E80 > 0, IF(AG79 > 0, AG79 + 1, 0.1), 0) -> 0 | AH80: =IF(F80 > 0, IF(AH79 > 0, AH79 + 1, 0.1), 0) -> 0 | AI80: =IF(G80 > 0, IF(AI79 > 0, AI79 + 1, 0.1), 0) -> 0 | AJ80: =IF(H80 > 0, IF(AJ79 > 0, AJ79 + 1, 0.1), 0) -> 0 | AK80: =IF(I80 > 0, IF(AK79 > 0, AK79 + 1, 0.1), 0) -> 0 | ... AT80: =IF(R80 > 0, IF(AT79 > 0, AT79 + 1, 0.1), 0) -> 0 | AU80: =IF(S80 > 0, IF(AU72> 0, AU72+ 1, 0.1), 0) -> 0 | AV80: =IF(T80 > 0, IF(AV79 > 0, AV79 + 1, 0.1), 0) -> 0 | AW80: =IF(U80 > 0, IF(AW79 > 0, AW79 + 1, 0.1), 0) -> 0 | AY80: =SUM($B$80:B80) -> 0 | AZ80: =SUM($B$80:C80) -> 0 | BA80: =SUM($B$80:D80) -> 0 | BB80: =SUM($B$80:E80) -> 0 | BC80: =SUM($B$80:F80) -> 0 | BD80: =SUM($B$80:G80) -> 0 | BE80: =SUM($B$80:H80) -> 0 | BF80: =SUM($B$80:I80) -> 0 | ... BJ80: =SUM($B$80:M80) -> 0 | BK80: =SUM($B$80:Q80) -> 0 | BL80: =SUM($B$80:N80) -> 0 | BM80: =SUM($B$80:O80) -> 0 | BN80: =SUM($B$80:P80) -> 0 | BO80: =SUM($B$80:R80) -> 0 | BP80: =SUM($B$80:S80) -> 0 | BQ80: =SUM($B$80:T80) -> 0 | BR80: =SUM($B$80:V80) -> 0 | BS80: =SUM($BR$74:BR80) -> 0 | BT80: =BR80+X80 -> 0 | BU80: =SUM($BT$74:BT80) -> 0
A81: Total ind | B81: =SUM(B74:B80) -> 0 | C81: =SUM(C74:C80) -> 0 | D81: =SUM(D74:D80) -> 0 | E81: =SUM(E74:E80) -> 0 | F81: =SUM(F74:F80) -> 0 | G81: =SUM(G74:G80) -> 0 | H81: =SUM(H74:H80) -> 0 | I81: =SUM(I74:I80) -> 0 | ... W81: =SUM(W74:W80) -> 0 | Z81: How's Your week?
A82: Ratio | B82: =B81-B67 -> 0 | C82: =C81-C67 -> 0 | D82: =D81-D67 -> 0 | E82: =E81-E67 -> 0 | F82: =F81-F67 -> 0 | G82: =G81-G67 -> 0 | H82: =H81-H67 -> 0 | I82: =I81-I67 -> 0 | ... W82: =W81-W67 -> 0
A83: Streaks | B83: {=IF(COUNTIF(AD73:AD79,0)=0, LOOKUP(2,1/(AD73:AD79<>""),AD73:AD79), MATCH(0,INDEX(AD73:AD79,MAX(ROW(AD73:AD79))-ROW(AD73:AD79)+1),0)-1 )} -> 0 | C83: {=IF(COUNTIF(AE73:AE79,0)=0, LOOKUP(2,1/(AE73:AE79<>""),AE73:AE79), MATCH(0,INDEX(AE73:AE79,MAX(ROW(AE73:AE79))-ROW(AE73:AE79)+1),0)-1 )} -> 0 | D83: {=IF(COUNTIF(AF73:AF79,0)=0, LOOKUP(2,1/(AF73:AF79<>""),AF73:AF79), MATCH(0,INDEX(AF73:AF79,MAX(ROW(AF73:AF79))-ROW(AF73:AF79)+1),0)-1 )} -> 0 | E83: {=IF(COUNTIF(AG73:AG79,0)=0, LOOKUP(2,1/(AG73:AG79<>""),AG73:AG79), MATCH(0,INDEX(AG73:AG79,MAX(ROW(AG73:AG79))-ROW(AG73:AG79)+1),0)-1 )} -> 0 | F83: {=IF(COUNTIF(AH73:AH79,0)=0, LOOKUP(2,1/(AH73:AH79<>""),AH73:AH79), MATCH(0,INDEX(AH73:AH79,MAX(ROW(AH73:AH79))-ROW(AH73:AH79)+1),0)-1 )} -> 0 | G83: {=IF(COUNTIF(AI73:AI79,0)=0, LOOKUP(2,1/(AI73:AI79<>""),AI73:AI79), MATCH(0,INDEX(AI73:AI79,MAX(ROW(AI73:AI79))-ROW(AI73:AI79)+1),0)-1 )} -> 0 | H83: {=IF(COUNTIF(AJ73:AJ79,0)=0, LOOKUP(2,1/(AJ73:AJ79<>""),AJ73:AJ79), MATCH(0,INDEX(AJ73:AJ79,MAX(ROW(AJ73:AJ79))-ROW(AJ73:AJ79)+1),0)-1 )} -> 0 | I83: {=IF(COUNTIF(AK73:AK79,0)=0, LOOKUP(2,1/(AK73:AK79<>""),AK73:AK79), MATCH(0,INDEX(AK73:AK79,MAX(ROW(AK73:AK79))-ROW(AK73:AK79)+1),0)-1 )} -> 0 | ... U83: {=IF(COUNTIF(AW73:AW79,0)=0, LOOKUP(2,1/(AW73:AW79<>""),AW73:AW79), MATCH(0,INDEX(AW73:AW79,MAX(ROW(AW73:AW79))-ROW(AW73:AW79)+1),0)-1 )} -> 0
A84: Cumulative | B84: =B81+B70 -> 2 | C84: =C81+C70 -> 0 | D84: =D81+D70 -> 5 | E84: =E81+E70 -> 9 | F84: =F81+F70 -> 4 | G84: =G81+G70 -> 0 | H84: =H81+H70 -> 0 | I84: =I81+I70 -> 3 | ... V84: =V81+V70 -> 2 | W84: =SUM(W70,W81) -> 36.25 | Y84: =SUM(Y74:Y80) -> 0
A85: Consistency | B85: =(COUNTIF(B4:B10, ">0")+COUNTIF(B18:B24, ">0")+COUNTIF(B32:B38, ">0")+COUNTIF(B46:B52, ">0")+COUNTIF(B60:B66, ">0") + COUNTIF(B74:B80, ">0")) / 42 -> 0.023809524 | C85: =(COUNTIF(C4:C10, ">0")+COUNTIF(C18:C24, ">0")+COUNTIF(C32:C38, ">0")+COUNTIF(C46:C52, ">0")+COUNTIF(C60:C66, ">0") + COUNTIF(C74:C80, ">0")) / 42 -> 0 | D85: =(COUNTIF(D4:D10, ">0")+COUNTIF(D18:D24, ">0")+COUNTIF(D32:D38, ">0")+COUNTIF(D46:D52, ">0")+COUNTIF(D60:D66, ">0") + COUNTIF(D74:D80, ">0")) / 42 -> 0.023809524 | E85: =(COUNTIF(E4:E10, ">0")+COUNTIF(E18:E24, ">0")+COUNTIF(E32:E38, ">0")+COUNTIF(E46:E52, ">0")+COUNTIF(E60:E66, ">0") + COUNTIF(E74:E80, ">0")) / 42 -> 0.023809524 | F85: =(COUNTIF(F4:F10, ">0")+COUNTIF(F18:F24, ">0")+COUNTIF(F32:F38, ">0")+COUNTIF(F46:F52, ">0")+COUNTIF(F60:F66, ">0") + COUNTIF(F74:F80, ">0")) / 42 -> 0.023809524 | G85: =(COUNTIF(G4:G10, ">0")+COUNTIF(G18:G24, ">0")+COUNTIF(G32:G38, ">0")+COUNTIF(G46:G52, ">0")+COUNTIF(G60:G66, ">0") + COUNTIF(G74:G80, ">0")) / 42 -> 0 | H85: =(COUNTIF(H4:H10, ">0")+COUNTIF(H18:H24, ">0")+COUNTIF(H32:H38, ">0")+COUNTIF(H46:H52, ">0")+COUNTIF(H60:H66, ">0") + COUNTIF(H74:H80, ">0")) / 42 -> 0 | I85: =(COUNTIF(I4:I10, ">0")+COUNTIF(I18:I24, ">0")+COUNTIF(I32:I38, ">0")+COUNTIF(I46:I52, ">0")+COUNTIF(I60:I66, ">0") + COUNTIF(I74:I80, ">0")) / 42 -> 0.023809524 | ... O85: =(COUNTIF(O4:O10, ">0")+COUNTIF(O18:O24, ">0")+COUNTIF(O32:O38, ">0")+COUNTIF(O46:O52, ">0")+COUNTIF(O60:O66, ">0") + COUNTIF(O74:O80, ">0")) / 42 -> 0.023809524 | U85: negpos | V85: =SUMIF(B81:V81,"<0",B81:V81) -> 0 | W85: =SUMIF(B81:V81,">0",B81:V81) -> 0
AY86: w7
A87: week 7 | B87: =C73+1 -> 46069 | C87: =B87+6 -> 46075 | AC87: W7 | AY87: @ 6am | AZ87: Bootup | BA87: Study | BB87: Gym | BC87: Work | BD87: Overtime | BE87: Cooking | BF87: D &H | BG87: Art | BH87: Chess | BI87: P & I | BJ87: Cleanliness | BK87: Hygeine | BL87: Resist | BM87: Binge | BN87: Help | BO87: Journal | BP87: Vibe | BQ87: by 11pm | BR87: Bonus/penalties | BS87: 0 | BU87: 0
A88: Mon | W88: =SUM(B88:V88) -> 0 | X88: =SUM(AD88:AW88)*0.1 -> 0 | Y88: =W88+X88 -> 0 | AB88: =AB74+W88 -> 36.25 | AC88: Mon | AD88: =IF(B88 > 0, IF(AD80> 0, AD80+ 1, 0.1), 0) -> 0 | AE88: =IF(C88 > 0, IF(AE80> 0, AE80+ 1, 0.1), 0) -> 0 | AF88: =IF(D88 > 0, IF(AF80> 0, AF80+ 1, 0.1), 0) -> 0 | AG88: =IF(E88 > 0, IF(AG80> 0, AG80+ 1, 0.1), 0) -> 0 | AH88: =IF(F88 > 0, IF(AH80> 0, AH80+ 1, 0.1), 0) -> 0 | AI88: =IF(G88 > 0, IF(AI80> 0, AI80+ 1, 0.1), 0) -> 0 | AJ88: =IF(H88 > 0, IF(AJ80> 0, AJ80+ 1, 0.1), 0) -> 0 | AK88: =IF(I88 > 0, IF(AK80> 0, AK80+ 1, 0.1), 0) -> 0 | ... AW88: =IF(U88 > 0, IF(AW80> 0, AW80+ 1, 0.1), 0) -> 0 | AY88: =SUM($B$88:B88) -> 0 | AZ88: =SUM($B$88:C88) -> 0 | BA88: =SUM($B$88:D88) -> 0 | BB88: =SUM($B$88:E88) -> 0 | BC88: =SUM($B$88:F88) -> 0 | BD88: =SUM($B$88:G88) -> 0 | BE88: =SUM($B$88:H88) -> 0 | BF88: =SUM($B$88:I88) -> 0 | ... BJ88: =SUM($B$88:M88) -> 0 | BK88: =SUM($B$88:Q88) -> 0 | BL88: =SUM($B$88:N88) -> 0 | BM88: =SUM($B$88:O88) -> 0 | BN88: =SUM($B$88:P88) -> 0 | BO88: =SUM($B$88:R88) -> 0 | BP88: =SUM($B$88:S88) -> 0 | BQ88: =SUM($B$88:T88) -> 0 | BR88: =SUM($B$88:V88) -> 0 | BS88: =SUM($BR$88:BR88) -> 0 | BT88: =BR88+X88 -> 0 | BU88: =SUM($BT$88:BT88) -> 0
A89: Tue | W89: =SUM(B89:V89) -> 0 | X89: =SUM(AD89:AW89)*0.1 -> 0 | Y89: =W89+X89 -> 0 | AB89: =AB75+W89 -> 0 | AC89: Tue | AD89: =IF(B89 > 0, IF(AD88 > 0, AD88 + 1, 0.1), 0) -> 0 | AE89: =IF(C89 > 0, IF(AE88 > 0, AE88 + 1, 0.1), 0) -> 0 | AF89: =IF(D89 > 0, IF(AF88 > 0, AF88 + 1, 0.1), 0) -> 0 | AG89: =IF(E89 > 0, IF(AG88 > 0, AG88 + 1, 0.1), 0) -> 0 | AH89: =IF(F89 > 0, IF(AH88 > 0, AH88 + 1, 0.1), 0) -> 0 | AI89: =IF(G89 > 0, IF(AI88 > 0, AI88 + 1, 0.1), 0) -> 0 | AJ89: =IF(H89 > 0, IF(AJ88 > 0, AJ88 + 1, 0.1), 0) -> 0 | AK89: =IF(I89 > 0, IF(AK88 > 0, AK88 + 1, 0.1), 0) -> 0 | ... AT89: =IF(R89 > 0, IF(AT88 > 0, AT88 + 1, 0.1), 0) -> 0 | AU89: =IF(S89 > 0, IF(AU81> 0, AU81+ 1, 0.1), 0) -> 0 | AV89: =IF(T89 > 0, IF(AV88 > 0, AV88 + 1, 0.1), 0) -> 0 | AW89: =IF(U89 > 0, IF(AW88 > 0, AW88 + 1, 0.1), 0) -> 0 | AY89: =SUM($B$89:B89) -> 0 | AZ89: =SUM($B$89:C89) -> 0 | BA89: =SUM($B$89:D89) -> 0 | BB89: =SUM($B$89:E89) -> 0 | BC89: =SUM($B$89:F89) -> 0 | BD89: =SUM($B$89:G89) -> 0 | BE89: =SUM($B$89:H89) -> 0 | BF89: =SUM($B$89:I89) -> 0 | ... BJ89: =SUM($B$89:M89) -> 0 | BK89: =SUM($B$89:Q89) -> 0 | BL89: =SUM($B$89:N89) -> 0 | BM89: =SUM($B$89:O89) -> 0 | BN89: =SUM($B$89:P89) -> 0 | BO89: =SUM($B$89:R89) -> 0 | BP89: =SUM($B$89:S89) -> 0 | BQ89: =SUM($B$89:T89) -> 0 | BR89: =SUM($B$89:V89) -> 0 | BS89: =SUM($BR$88:BR89) -> 0 | BT89: =BR89+X89 -> 0 | BU89: =SUM($BT$88:BT89) -> 0
A90: Wed | W90: =SUM(B90:V90) -> 0 | X90: =SUM(AD90:AW90)*0.1 -> 0 | Y90: =W90+X90 -> 0 | AB90: =AB76+W90 -> 0 | AC90: Wed | AD90: =IF(B90 > 0, IF(AD89 > 0, AD89 + 1, 0.1), 0) -> 0 | AE90: =IF(C90 > 0, IF(AE89 > 0, AE89 + 1, 0.1), 0) -> 0 | AF90: =IF(D90 > 0, IF(AF89 > 0, AF89 + 1, 0.1), 0) -> 0 | AG90: =IF(E90 > 0, IF(AG89 > 0, AG89 + 1, 0.1), 0) -> 0 | AH90: =IF(F90 > 0, IF(AH89 > 0, AH89 + 1, 0.1), 0) -> 0 | AI90: =IF(G90 > 0, IF(AI89 > 0, AI89 + 1, 0.1), 0) -> 0 | AJ90: =IF(H90 > 0, IF(AJ89 > 0, AJ89 + 1, 0.1), 0) -> 0 | AK90: =IF(I90 > 0, IF(AK89 > 0, AK89 + 1, 0.1), 0) -> 0 | ... AT90: =IF(R90 > 0, IF(AT89 > 0, AT89 + 1, 0.1), 0) -> 0 | AU90: =IF(S90 > 0, IF(AU82> 0, AU82+ 1, 0.1), 0) -> 0 | AV90: =IF(T90 > 0, IF(AV89 > 0, AV89 + 1, 0.1), 0) -> 0 | AW90: =IF(U90 > 0, IF(AW89 > 0, AW89 + 1, 0.1), 0) -> 0 | AY90: =SUM($B$90:B90) -> 0 | AZ90: =SUM($B$90:C90) -> 0 | BA90: =SUM($B$90:D90) -> 0 | BB90: =SUM($B$90:E90) -> 0 | BC90: =SUM($B$90:F90) -> 0 | BD90: =SUM($B$90:G90) -> 0 | BE90: =SUM($B$90:H90) -> 0 | BF90: =SUM($B$90:I90) -> 0 | ... BJ90: =SUM($B$90:M90) -> 0 | BK90: =SUM($B$90:Q90) -> 0 | BL90: =SUM($B$90:N90) -> 0 | BM90: =SUM($B$90:O90) -> 0 | BN90: =SUM($B$90:P90) -> 0 | BO90: =SUM($B$90:R90) -> 0 | BP90: =SUM($B$90:S90) -> 0 | BQ90: =SUM($B$90:T90) -> 0 | BR90: =SUM($B$90:V90) -> 0 | BS90: =SUM($BR$88:BR90) -> 0 | BT90: =BR90+X90 -> 0 | BU90: =SUM($BT$88:BT90) -> 0
A91: Thu | W91: =SUM(B91:V91) -> 0 | X91: =SUM(AD91:AW91)*0.1 -> 0 | Y91: =W91+X91 -> 0 | AB91: =AB77+W91 -> 0 | AC91: Thu | AD91: =IF(B91 > 0, IF(AD90 > 0, AD90 + 1, 0.1), 0) -> 0 | AE91: =IF(C91 > 0, IF(AE90 > 0, AE90 + 1, 0.1), 0) -> 0 | AF91: =IF(D91 > 0, IF(AF90 > 0, AF90 + 1, 0.1), 0) -> 0 | AG91: =IF(E91 > 0, IF(AG90 > 0, AG90 + 1, 0.1), 0) -> 0 | AH91: =IF(F91 > 0, IF(AH90 > 0, AH90 + 1, 0.1), 0) -> 0 | AI91: =IF(G91 > 0, IF(AI90 > 0, AI90 + 1, 0.1), 0) -> 0 | AJ91: =IF(H91 > 0, IF(AJ90 > 0, AJ90 + 1, 0.1), 0) -> 0 | AK91: =IF(I91 > 0, IF(AK90 > 0, AK90 + 1, 0.1), 0) -> 0 | ... AT91: =IF(R91 > 0, IF(AT90 > 0, AT90 + 1, 0.1), 0) -> 0 | AU91: =IF(S91 > 0, IF(AU83> 0, AU83+ 1, 0.1), 0) -> 0 | AV91: =IF(T91 > 0, IF(AV90 > 0, AV90 + 1, 0.1), 0) -> 0 | AW91: =IF(U91 > 0, IF(AW90 > 0, AW90 + 1, 0.1), 0) -> 0 | AY91: =SUM($B$91:B91) -> 0 | AZ91: =SUM($B$91:C91) -> 0 | BA91: =SUM($B$91:D91) -> 0 | BB91: =SUM($B$91:E91) -> 0 | BC91: =SUM($B$91:F91) -> 0 | BD91: =SUM($B$91:G91) -> 0 | BE91: =SUM($B$91:H91) -> 0 | BF91: =SUM($B$91:I91) -> 0 | ... BJ91: =SUM($B$91:M91) -> 0 | BK91: =SUM($B$91:Q91) -> 0 | BL91: =SUM($B$91:N91) -> 0 | BM91: =SUM($B$91:O91) -> 0 | BN91: =SUM($B$91:P91) -> 0 | BO91: =SUM($B$91:R91) -> 0 | BP91: =SUM($B$91:S91) -> 0 | BQ91: =SUM($B$91:T91) -> 0 | BR91: =SUM($B$91:V91) -> 0 | BS91: =SUM($BR$88:BR91) -> 0 | BT91: =BR91+X91 -> 0 | BU91: =SUM($BT$88:BT91) -> 0
A92: Fri | W92: =SUM(B92:V92) -> 0 | X92: =SUM(AD92:AW92)*0.1 -> 0 | Y92: =W92+X92 -> 0 | AB92: =AB78+W92 -> 0 | AC92: Fri | AD92: =IF(B92 > 0, IF(AD91 > 0, AD91 + 1, 0.1), 0) -> 0 | AE92: =IF(C92 > 0, IF(AE91 > 0, AE91 + 1, 0.1), 0) -> 0 | AF92: =IF(D92 > 0, IF(AF91 > 0, AF91 + 1, 0.1), 0) -> 0 | AG92: =IF(E92 > 0, IF(AG91 > 0, AG91 + 1, 0.1), 0) -> 0 | AH92: =IF(F92 > 0, IF(AH91 > 0, AH91 + 1, 0.1), 0) -> 0 | AI92: =IF(G92 > 0, IF(AI91 > 0, AI91 + 1, 0.1), 0) -> 0 | AJ92: =IF(H92 > 0, IF(AJ91 > 0, AJ91 + 1, 0.1), 0) -> 0 | AK92: =IF(I92 > 0, IF(AK91 > 0, AK91 + 1, 0.1), 0) -> 0 | ... AT92: =IF(R92 > 0, IF(AT91 > 0, AT91 + 1, 0.1), 0) -> 0 | AU92: =IF(S92 > 0, IF(AU84> 0, AU84+ 1, 0.1), 0) -> 0 | AV92: =IF(T92 > 0, IF(AV91 > 0, AV91 + 1, 0.1), 0) -> 0 | AW92: =IF(U92 > 0, IF(AW91 > 0, AW91 + 1, 0.1), 0) -> 0 | AY92: =SUM($B$92:B92) -> 0 | AZ92: =SUM($B$92:C92) -> 0 | BA92: =SUM($B$92:D92) -> 0 | BB92: =SUM($B$92:E92) -> 0 | BC92: =SUM($B$92:F92) -> 0 | BD92: =SUM($B$92:G92) -> 0 | BE92: =SUM($B$92:H92) -> 0 | BF92: =SUM($B$92:I92) -> 0 | ... BJ92: =SUM($B$92:M92) -> 0 | BK92: =SUM($B$92:Q92) -> 0 | BL92: =SUM($B$92:N92) -> 0 | BM92: =SUM($B$92:O92) -> 0 | BN92: =SUM($B$92:P92) -> 0 | BO92: =SUM($B$92:R92) -> 0 | BP92: =SUM($B$92:S92) -> 0 | BQ92: =SUM($B$92:T92) -> 0 | BR92: =SUM($B$92:V92) -> 0 | BS92: =SUM($BR$88:BR92) -> 0 | BT92: =BR92+X92 -> 0 | BU92: =SUM($BT$88:BT92) -> 0
A93: Sat | W93: =SUM(B93:V93) -> 0 | X93: =SUM(AD93:AW93)*0.1 -> 0 | Y93: =W93+X93 -> 0 | AB93: =AB79+W93 -> 0 | AC93: Sat | AD93: =IF(B93 > 0, IF(AD92 > 0, AD92 + 1, 0.1), 0) -> 0 | AE93: =IF(C93 > 0, IF(AE92 > 0, AE92 + 1, 0.1), 0) -> 0 | AF93: =IF(D93 > 0, IF(AF92 > 0, AF92 + 1, 0.1), 0) -> 0 | AG93: =IF(E93 > 0, IF(AG92 > 0, AG92 + 1, 0.1), 0) -> 0 | AH93: =IF(F93 > 0, IF(AH92 > 0, AH92 + 1, 0.1), 0) -> 0 | AI93: =IF(G93 > 0, IF(AI92 > 0, AI92 + 1, 0.1), 0) -> 0 | AJ93: =IF(H93 > 0, IF(AJ92 > 0, AJ92 + 1, 0.1), 0) -> 0 | AK93: =IF(I93 > 0, IF(AK92 > 0, AK92 + 1, 0.1), 0) -> 0 | ... AT93: =IF(R93 > 0, IF(AT92 > 0, AT92 + 1, 0.1), 0) -> 0 | AU93: =IF(S93 > 0, IF(AU85> 0, AU85+ 1, 0.1), 0) -> 0 | AV93: =IF(T93 > 0, IF(AV92 > 0, AV92 + 1, 0.1), 0) -> 0 | AW93: =IF(U93 > 0, IF(AW92 > 0, AW92 + 1, 0.1), 0) -> 0 | AY93: =SUM($B$93:B93) -> 0 | AZ93: =SUM($B$93:C93) -> 0 | BA93: =SUM($B$93:D93) -> 0 | BB93: =SUM($B$93:E93) -> 0 | BC93: =SUM($B$93:F93) -> 0 | BD93: =SUM($B$93:G93) -> 0 | BE93: =SUM($B$93:H93) -> 0 | BF93: =SUM($B$93:I93) -> 0 | ... BJ93: =SUM($B$93:M93) -> 0 | BK93: =SUM($B$93:Q93) -> 0 | BL93: =SUM($B$93:N93) -> 0 | BM93: =SUM($B$93:O93) -> 0 | BN93: =SUM($B$93:P93) -> 0 | BO93: =SUM($B$93:R93) -> 0 | BP93: =SUM($B$93:S93) -> 0 | BQ93: =SUM($B$93:T93) -> 0 | BR93: =SUM($B$93:V93) -> 0 | BS93: =SUM($BR$88:BR93) -> 0 | BT93: =BR93+X93 -> 0 | BU93: =SUM($BT$88:BT93) -> 0
A94: Sun | W94: =SUM(B94:V94) -> 0 | X94: =SUM(AD94:AW94)*0.1 -> 0 | Y94: =W94+X94 -> 0 | AB94: =AB80+W94 -> 0 | AC94: Sun | AD94: =IF(B94 > 0, IF(AD93 > 0, AD93 + 1, 0.1), 0) -> 0 | AE94: =IF(C94 > 0, IF(AE93 > 0, AE93 + 1, 0.1), 0) -> 0 | AF94: =IF(D94 > 0, IF(AF93 > 0, AF93 + 1, 0.1), 0) -> 0 | AG94: =IF(E94 > 0, IF(AG93 > 0, AG93 + 1, 0.1), 0) -> 0 | AH94: =IF(F94 > 0, IF(AH93 > 0, AH93 + 1, 0.1), 0) -> 0 | AI94: =IF(G94 > 0, IF(AI93 > 0, AI93 + 1, 0.1), 0) -> 0 | AJ94: =IF(H94 > 0, IF(AJ93 > 0, AJ93 + 1, 0.1), 0) -> 0 | AK94: =IF(I94 > 0, IF(AK93 > 0, AK93 + 1, 0.1), 0) -> 0 | ... AT94: =IF(R94 > 0, IF(AT93 > 0, AT93 + 1, 0.1), 0) -> 0 | AU94: =IF(S94 > 0, IF(AU86> 0, AU86+ 1, 0.1), 0) -> 0 | AV94: =IF(T94 > 0, IF(AV93 > 0, AV93 + 1, 0.1), 0) -> 0 | AW94: =IF(U94 > 0, IF(AW93 > 0, AW93 + 1, 0.1), 0) -> 0 | AY94: =SUM($B$94:B94) -> 0 | AZ94: =SUM($B$94:C94) -> 0 | BA94: =SUM($B$94:D94) -> 0 | BB94: =SUM($B$94:E94) -> 0 | BC94: =SUM($B$94:F94) -> 0 | BD94: =SUM($B$94:G94) -> 0 | BE94: =SUM($B$94:H94) -> 0 | BF94: =SUM($B$94:I94) -> 0 | ... BJ94: =SUM($B$94:M94) -> 0 | BK94: =SUM($B$94:Q94) -> 0 | BL94: =SUM($B$94:N94) -> 0 | BM94: =SUM($B$94:O94) -> 0 | BN94: =SUM($B$94:P94) -> 0 | BO94: =SUM($B$94:R94) -> 0 | BP94: =SUM($B$94:S94) -> 0 | BQ94: =SUM($B$94:T94) -> 0 | BR94: =SUM($B$94:V94) -> 0 | BS94: =SUM($BR$88:BR94) -> 0 | BT94: =BR94+X94 -> 0 | BU94: =SUM($BT$88:BT94) -> 0
A95: Total ind | B95: =SUM(B88:B94) -> 0 | C95: =SUM(C88:C94) -> 0 | D95: =SUM(D88:D94) -> 0 | E95: =SUM(E88:E94) -> 0 | F95: =SUM(F88:F94) -> 0 | G95: =SUM(G88:G94) -> 0 | H95: =SUM(H88:H94) -> 0 | I95: =SUM(I88:I94) -> 0 | ... W95: =SUM(W88:W94) -> 0 | Z95: How's Your week?
A96: Ratio | B96: =B95-B81 -> 0 | C96: =C95-C81 -> 0 | D96: =D95-D81 -> 0 | E96: =E95-E81 -> 0 | F96: =F95-F81 -> 0 | G96: =G95-G81 -> 0 | H96: =H95-H81 -> 0 | I96: =I95-I81 -> 0 | ... W96: =W95-W81 -> 0
A97: Streaks | B97: {=IF(COUNTIF(AD87:AD93,0)=0, LOOKUP(2,1/(AD87:AD93<>""),AD87:AD93), MATCH(0,INDEX(AD87:AD93,MAX(ROW(AD87:AD93))-ROW(AD87:AD93)+1),0)-1 )} -> 0 | C97: {=IF(COUNTIF(AE87:AE93,0)=0, LOOKUP(2,1/(AE87:AE93<>""),AE87:AE93), MATCH(0,INDEX(AE87:AE93,MAX(ROW(AE87:AE93))-ROW(AE87:AE93)+1),0)-1 )} -> 0 | D97: {=IF(COUNTIF(AF87:AF93,0)=0, LOOKUP(2,1/(AF87:AF93<>""),AF87:AF93), MATCH(0,INDEX(AF87:AF93,MAX(ROW(AF87:AF93))-ROW(AF87:AF93)+1),0)-1 )} -> 0 | E97: {=IF(COUNTIF(AG87:AG93,0)=0, LOOKUP(2,1/(AG87:AG93<>""),AG87:AG93), MATCH(0,INDEX(AG87:AG93,MAX(ROW(AG87:AG93))-ROW(AG87:AG93)+1),0)-1 )} -> 0 | F97: {=IF(COUNTIF(AH87:AH93,0)=0, LOOKUP(2,1/(AH87:AH93<>""),AH87:AH93), MATCH(0,INDEX(AH87:AH93,MAX(ROW(AH87:AH93))-ROW(AH87:AH93)+1),0)-1 )} -> 0 | G97: {=IF(COUNTIF(AI87:AI93,0)=0, LOOKUP(2,1/(AI87:AI93<>""),AI87:AI93), MATCH(0,INDEX(AI87:AI93,MAX(ROW(AI87:AI93))-ROW(AI87:AI93)+1),0)-1 )} -> 0 | H97: {=IF(COUNTIF(AJ87:AJ93,0)=0, LOOKUP(2,1/(AJ87:AJ93<>""),AJ87:AJ93), MATCH(0,INDEX(AJ87:AJ93,MAX(ROW(AJ87:AJ93))-ROW(AJ87:AJ93)+1),0)-1 )} -> 0 | I97: {=IF(COUNTIF(AK87:AK93,0)=0, LOOKUP(2,1/(AK87:AK93<>""),AK87:AK93), MATCH(0,INDEX(AK87:AK93,MAX(ROW(AK87:AK93))-ROW(AK87:AK93)+1),0)-1 )} -> 0 | ... U97: {=IF(COUNTIF(AW87:AW93,0)=0, LOOKUP(2,1/(AW87:AW93<>""),AW87:AW93), MATCH(0,INDEX(AW87:AW93,MAX(ROW(AW87:AW93))-ROW(AW87:AW93)+1),0)-1 )} -> 0
A98: Cumulative | B98: =B95+B84 -> 2 | C98: =C95+C84 -> 0 | D98: =D95+D84 -> 5 | E98: =E95+E84 -> 9 | F98: =F95+F84 -> 4 | G98: =G95+G84 -> 0 | H98: =H95+H84 -> 0 | I98: =I95+I84 -> 3 | ... V98: =V95+V84 -> 2 | W98: =SUM(W84,W95) -> 36.25 | Y98: =SUM(Y88:Y94) -> 0
A99: Consistency | B99: =(COUNTIF(B4:B10, ">0")+COUNTIF(B18:B24, ">0")+COUNTIF(B32:B38, ">0")+COUNTIF(B46:B52, ">0")+COUNTIF(B60:B66, ">0")+COUNTIF(B74:B80, ">0") + COUNTIF(B88:B94, ">0")) / 49 -> 0.020408163 | C99: =(COUNTIF(C4:C10, ">0")+COUNTIF(C18:C24, ">0")+COUNTIF(C32:C38, ">0")+COUNTIF(C46:C52, ">0")+COUNTIF(C60:C66, ">0")+COUNTIF(C74:C80, ">0") + COUNTIF(C88:C94, ">0")) / 49 -> 0 | D99: =(COUNTIF(D4:D10, ">0")+COUNTIF(D18:D24, ">0")+COUNTIF(D32:D38, ">0")+COUNTIF(D46:D52, ">0")+COUNTIF(D60:D66, ">0")+COUNTIF(D74:D80, ">0") + COUNTIF(D88:D94, ">0")) / 49 -> 0.020408163 | E99: =(COUNTIF(E4:E10, ">0")+COUNTIF(E18:E24, ">0")+COUNTIF(E32:E38, ">0")+COUNTIF(E46:E52, ">0")+COUNTIF(E60:E66, ">0")+COUNTIF(E74:E80, ">0") + COUNTIF(E88:E94, ">0")) / 49 -> 0.020408163 | F99: =(COUNTIF(F4:F10, ">0")+COUNTIF(F18:F24, ">0")+COUNTIF(F32:F38, ">0")+COUNTIF(F46:F52, ">0")+COUNTIF(F60:F66, ">0")+COUNTIF(F74:F80, ">0") + COUNTIF(F88:F94, ">0")) / 49 -> 0.020408163 | G99: =(COUNTIF(G4:G10, ">0")+COUNTIF(G18:G24, ">0")+COUNTIF(G32:G38, ">0")+COUNTIF(G46:G52, ">0")+COUNTIF(G60:G66, ">0")+COUNTIF(G74:G80, ">0") + COUNTIF(G88:G94, ">0")) / 49 -> 0 | H99: =(COUNTIF(H4:H10, ">0")+COUNTIF(H18:H24, ">0")+COUNTIF(H32:H38, ">0")+COUNTIF(H46:H52, ">0")+COUNTIF(H60:H66, ">0")+COUNTIF(H74:H80, ">0") + COUNTIF(H88:H94, ">0")) / 49 -> 0 | I99: =(COUNTIF(I4:I10, ">0")+COUNTIF(I18:I24, ">0")+COUNTIF(I32:I38, ">0")+COUNTIF(I46:I52, ">0")+COUNTIF(I60:I66, ">0")+COUNTIF(I74:I80, ">0") + COUNTIF(I88:I94, ">0")) / 49 -> 0.020408163 | ... O99: =(COUNTIF(O4:O10, ">0")+COUNTIF(O18:O24, ">0")+COUNTIF(O32:O38, ">0")+COUNTIF(O46:O52, ">0")+COUNTIF(O60:O66, ">0")+COUNTIF(O74:O80, ">0") + COUNTIF(O88:O94, ">0")) / 49 -> 0.020408163 | U99: negpos | V99: =SUMIF(B95:V95,"<0",B95:V95) -> 0 | W99: =SUMIF(B95:V95,">0",B95:V95) -> 0
AY100: w8
...

Sheet charts
O2: Cumulative charts
G4: Start Date | J4: End Date
B6: Conclusion: | G6: =Game!D3 -> 46027 | H6: - | J6: =Game!C157 -> 46110
A7: Charts
A8: Comparison Weekly
A9: Comparison Weekly
A10: Comparison Weekly
A11: Comparison Weekly
A12: Comparison Weekly
A13: Comparison Weekly
A14: Comparison Weekly
A15: Comparison Weekly
A16: Comparison Weekly
A17: Comparison Weekly
A18: Comparison Weekly
... A235: Everyday performance(Streak Bonus)
B240: week 1: | C240: 36994 | D240: =C240+6 -> 37000
B274: week 2: | C274: =Game!B17 -> 46034 | D274: =C274+6 -> 46040
B308: week 3: | C308: =Game!B31 -> 46041 | D308: =C308+6 -> 46047
B341: week 4: | C341: =Game!B45 -> 46048 | D341: =C341+6 -> 46054
B374: week 5: | C374: =Game!B59 -> 46055 | D374: =C374+6 -> 46061
B409: week 6: | C409: =Game!B73 -> 46062 | D409: =C409+6 -> 46068
B443: week 7: | C443: =Game!B87 -> 46069 | D443: =C443+6 -> 46075
B474: week 8 | C474: =Game!B101 -> 46076 | D474: =C474+6 -> 46082
B506: week 9: | C506: =Game!B115 -> 46083 | D506: =C506+6 -> 46089
B541: week 10: | C541: =Game!B129 -> 46090 | D541: =C541+6 -> 46096
B577: week 11 | C577: =Game!B143 -> 46097 | D577: =C577+6 -> 46103
B611: week 12: | C611: =Game!B157 -> 46104 | D611: =C611+6 -> 46110

Sheet optional
B1: Rant(optional) | C1: Moment Of the day? | D1: Funny Moment (s)? | E1: tough situation(s) | F1: Song(s) Of the day | I1: ( this sheet is still in experimental stage)
A2: Week | B2: 36994 | C2: =B2+6 -> 37000
A3: Mon
A4: Tue
A5: Wed
A6: Thu
A7: Fri
A8: Sat
A9: Sun
A11: week2 | B11: =C2+1 -> 37001 | C11: =B11+6 -> 37007
A12: Mon
A13: Tue
A14: Wed
A15: Thu
A16: Fri
A17: Sat
A18: Sun
A20: week3 | B20: =C11+1 -> 37008 | C20: =B20+6 -> 37014
A21: Mon
A22: Tue
A23: Wed
A24: Thu
A25: Fri
A26: Sat
A27: Sun
A29: week4 | B29: =C20+1 -> 37015 | C29: =B29+6 -> 37021
A30: Mon
A31: Tue
A32: Wed
A33: Thu
A34: Fri
A35: Sat
A36: Sun
A39: week 5 | B39: =C29+1 -> 37022 | C39: =B39+6 -> 37028
A40: Mon
A41: Tue
A42: Wed
A43: Thu
A44: Fri
A45: Sat
A46: Sun
A49: week 6 | B49: =C39+1 -> 37029 | C49: =B49+6 -> 37035
A50: Mon
A51: Tue
A52: Wed
A53: Thu
A54: Fri
A55: Sat
A56: Sun
A59: week 7 | B59: =C49+1 -> 37036 | C59: =B59+6 -> 37042
A60: Mon
A61: Tue
A62: Wed
A63: Thu
A64: Fri
A65: Sat
A66: Sun
A68: week 8 | B68: =C59+1 -> 37043 | C68: =B68+6 -> 37049
A69: Mon
A70: Tue
A71: Wed
A72: Thu
A73: Fri
A74: Sat
A75: Sun
A80: week 9 | B80: =C68+1 -> 37050 | C80: =B80+6 -> 37056
A81: Mon
A82: Tue
A83: Wed
A84: Thu
A85: Fri
A86: Sat
A87: Sun
A90: week10 | B90: =C80+1 -> 37057 | C90: =B90+6 -> 37063
A91: Mon
A92: Tue
A93: Wed
A94: Thu
A95: Fri
A96: Sat
A97: Sun
A100: week11 | B100: =C90+1 -> 37064 | C100: =B100+6 -> 37070
A101: Mon
A102: Tue
A103: Wed
A104: Thu
A105: Fri
A106: Sat
A107: Sun
A110: week12 | B110: =C100+1 -> 37071 | C110: =B110+6 -> 37077
A111: Mon
A112: Tue
A113: Wed
A114: Thu
A115: Fri
A116: Sat
A117: Sun

Sheet PJ-about,rules
K1: Productive Journaling
K2: "Every action of yours holds a VALUE ."
A4: Like the cliche-old saying: "Trying to live today a wee bit better than before." (And I dont mean by trying to be more productive for its own sake, but by actually enjoying your day. Yes, we must push ourselves forward and survive tough situations. But what is being productive without enjoying or striving to be productive? ) Productivity is not just advancing forward in life, but also being content with what you have. And THIS tool helps you track where you are standing, and helps you enjoy ̷b̷̷e̷̷i̷̷n̷̷g̷ ̷p̷̷r̷̷o̷̷d̷̷u̷̷c̷̷t̷̷i̷̷v̷̷e̷ life.
A6: What is Productive Journaling? An idea centered on awareness of your actions . A private space to notice effort, patterns, and progress over time. Productive journaling not only measures your daily performance but mainly to stay aware of how you spend your days in a leightweight way which can demand about 5 minutes of your everyday. More than focusing on perfect routines or streaks, it focuses on honest reflection. You log what you actually did, how your day felt, and how you chose to use your time. It gives you the oppurtunity to reward yourself of those efforts which will go unheard/unnoticed but you. There’s no “good” or “bad” day here. Only days that happened. ~By also pushing you to maintain consistent-intensity of every activity/interest of yours. Over time, this helps you see where your energy goes, what you value, and how your days naturally balance work, rest, and interests. A journal that is done differently than a traditional diary (can be one if you want to). Not a productivity system that tells you what to do Everything stays with you. You decide what matters, how much detail to add, and how seriously to take it.
A8: How to use/instructions This template is meant to be simple. You don’t need to understand everything before starting. Step 1 — One-time setup (≈ 5 minutes) In the setup sheet, edit the activities, hobbies, or qualities that matter to you. You decide what deserves attention — and how much. There’s no “correct” scoring system here. Set scores in a way that feels fair and realistic to you. (edit the hobby comments/descriptions 'rightclick column->edit comment') Step 2 — Daily use (≈ 1–2 minutes) At the end of the day/the next day morning/anytime you prefer, give yourself a score honestly write a short line about how the day felt, or give it a title That’s enough. (If you want to vent, reflect deeper, or write more — you can. If not, a single sentence is perfectly fine.) Step 3 — Let patterns form Use it daily without trying to optimize it early. Over time, the charts and summaries begin to show patterns and enjoy! Good days, bad days, boring days — they all count. That’s the whole system.
U12: Contact Details:
A13: HIGHLY RECOMMENDED you try this journal/template for 8 days. | U13: just hit me up on ig | W13: @vilgakz
A14: or atleast 2 days to get a gist of the whole idea. And , | U14: for boomers | W14: +91 8050279050 | Y14: + 44 7341671943
A15: Please leave us your valuable feeback | E15: Click me | W15: @kaipasaibhargav83@gmail.com
U16: for redditors | W16: r/theweirdlyguy
A37: Productive Journaling is a life-time observation . Hence,If you wish to continue using it long term, this is a recommended structure, and The structure is very broad and long-term
A38: 12 Weeks + 1week rest = 1 edition | E38: -> | F38: You can take that 1 week break whenever you want in between the whole 12 weeks. If you don’t want to take any break, you can add that to the next edition.
A39: 3 editions + 1 restful edition = 1 chapter | E39: -> | F39: 1 restful edition is nothing but 12 weeks of rest. | K39: Now u can use it as rest if you want but this period is exists so you still be productive, and etc.
F40: 1 month of | K40: but No score involved. A reminder that you are being productive for yourself but not to score max.You can use this period to reflect, evaluate your actions, priorities
A42: why 12 weeks? Do you know us humans have the capability to achieve a 12 month resolve/goal compressed within 12 weeks if done right?
M43: (~The 12 week year)
